Date (WET),BM Cashflows Over Generation x2,BSAD Over Generation x 2,Uplift,BSUOS Confidence Low,BSUOS Confidence High,BSUoS Estimate,BSUoS Price Best,BSUoS Price II,BSUoS Price SF,BSUoS Price RF
,GBP/MWh,GBP/MWh,GBP/MWh,GBP/MWh,GBP/MWh,GBP/MWh,GBP/MWh,GBP/MWh,GBP/MWh,GBP/MWh
[17/10/2018 00:00],-0.47,0.30,1.62,1.44,1.46,1.45,1.22,0.86,0.95,1.22
[18/10/2018 00:00],-0.01,0.04,1.62,1.65,1.66,1.65,1.49,1.30,1.33,1.49
[19/10/2018 00:00],0.28,0.18,1.62,2.06,2.07,2.07,1.89,1.54,1.88,1.89
[20/10/2018 00:00],0.70,0.02,1.62,2.34,2.34,2.34,2.54,1.95,2.44,2.54
[21/10/2018 00:00],1.22,0.14,1.62,2.99,3.00,2.99,3.35,2.64,3.11,3.35
[22/10/2018 00:00],1.53,0.49,1.62,3.63,3.64,3.63,3.61,3.15,3.51,3.61
[23/10/2018 00:00],4.97,1.28,1.62,7.86,7.87,7.86,7.75,7.56,7.61,7.75
[24/10/2018 00:00],2.03,0.59,1.62,4.22,4.24,4.23,4.26,3.39,4.14,4.26
[25/10/2018 00:00],0.83,0.24,1.62,2.67,2.68,2.67,2.58,1.92,2.44,2.58
[26/10/2018 00:00],1.33,0.57,1.62,3.51,3.52,3.52,3.48,3.11,4.14,3.48
[27/10/2018 00:00],1.79,0.27,1.62,3.67,3.68,3.68,3.76,3.31,4.46,3.76
[28/10/2018 00:00],2.27,-0.04,1.62,3.86,3.85,3.86,3.87,3.41,4.54,3.87
[29/10/2018 00:00],0.13,0.10,1.62,1.85,1.85,1.85,1.52,1.02,2.09,1.52
[30/10/2018 00:00],0.76,0.02,1.62,2.39,2.39,2.39,1.99,1.67,2.53,1.99
[31/10/2018 00:00],-0.01,0.11,1.62,1.72,1.72,1.72,1.33,1.04,2.07,1.33
[01/11/2018 00:00],0.50,0.01,1.62,2.13,2.13,2.13,2.15,1.52,2.46,2.15
[02/11/2018 00:00],0.84,0.02,1.62,2.48,2.48,2.48,2.15,1.89,2.14,2.15
[03/11/2018 00:00],6.79,0.37,1.62,8.77,8.77,8.77,8.63,8.30,8.60,8.63
[04/11/2018 00:00],3.59,0.44,1.62,5.64,5.64,5.64,5.52,5.13,5.40,5.52
[05/11/2018 00:00],0.59,-0.03,1.62,2.19,2.19,2.19,1.83,1.47,1.81,1.83
[06/11/2018 00:00],1.28,-0.02,1.62,2.88,2.88,2.88,2.68,2.37,2.66,2.68
[07/11/2018 00:00],1.62,0.38,1.62,3.61,3.61,3.61,3.39,2.81,3.34,3.39
[08/11/2018 00:00],0.51,0.51,1.62,2.63,2.63,2.63,2.44,1.61,2.42,2.44
[09/11/2018 00:00],2.48,0.24,1.62,4.33,4.33,4.33,4.17,3.98,4.80,4.17
[10/11/2018 00:00],1.34,0.42,1.62,3.37,3.37,3.37,3.44,3.03,4.11,3.44
[11/11/2018 00:00],0.78,0.33,1.62,2.72,2.72,2.72,2.73,2.35,3.27,2.73
[12/11/2018 00:00],0.62,0.68,1.62,2.91,2.91,2.91,2.68,1.74,2.48,2.68
[13/11/2018 00:00],0.51,0.70,1.62,2.82,2.82,2.82,2.67,1.73,2.46,2.67
[14/11/2018 00:00],1.78,0.56,1.62,3.96,3.96,3.96,3.85,2.96,3.63,3.85
[15/11/2018 00:00],1.17,0.41,1.62,3.19,3.19,3.19,3.18,2.29,3.20,3.18
[16/11/2018 00:00],0.17,0.01,1.62,1.80,1.80,1.80,1.56,1.24,1.60,1.56
[17/11/2018 00:00],0.35,0.15,1.62,2.11,2.11,2.11,1.97,1.80,1.99,1.97
[18/11/2018 00:00],0.82,0.24,1.62,2.67,2.67,2.67,2.66,2.59,2.69,2.66
[19/11/2018 00:00],-0.02,0.36,1.62,1.97,1.97,1.97,1.61,1.29,1.67,1.61
[20/11/2018 00:00],0.67,0.95,1.62,3.23,3.23,3.23,3.01,1.66,2.99,3.01
[21/11/2018 00:00],0.24,1.64,1.62,3.50,3.50,3.50,3.25,1.00,3.27,3.25
[22/11/2018 00:00],-0.20,2.07,1.62,3.49,3.49,3.49,3.15,0.42,3.12,3.15
[23/11/2018 00:00],-0.39,0.94,1.62,2.18,2.18,2.18,1.65,1.65,1.61,1.65
[24/11/2018 00:00],0.08,0.02,1.62,1.73,1.73,1.73,1.50,1.21,1.43,1.50
[25/11/2018 00:00],-0.03,0.00,1.62,1.60,1.60,1.60,1.36,1.08,1.28,1.36
[26/11/2018 00:00],-0.24,0.77,1.62,2.17,2.17,2.17,1.73,1.53,1.70,1.73
[27/11/2018 00:00],0.16,1.07,1.62,2.85,2.85,2.85,2.47,0.99,2.41,2.47
[28/11/2018 00:00],2.43,0.60,1.62,4.65,4.65,4.65,4.33,3.61,4.26,4.33
[29/11/2018 00:00],1.97,0.50,1.62,4.08,4.08,4.08,3.86,3.06,4.22,3.86
[30/11/2018 00:00],3.35,0.90,1.62,5.85,5.85,5.85,5.62,5.28,6.00,5.62
[01/12/2018 00:00],0.38,0.11,1.62,2.11,2.11,2.11,2.48,1.75,2.31,2.48
[02/12/2018 00:00],0.87,0.42,1.62,2.89,2.89,2.89,2.69,2.45,3.07,2.69
[03/12/2018 00:00],1.49,0.14,1.62,3.23,3.23,3.23,2.92,2.56,3.18,2.92
[04/12/2018 00:00],0.08,0.00,1.62,1.71,1.70,1.71,1.33,1.05,1.30,1.33
[05/12/2018 00:00],0.14,0.14,1.62,1.90,1.90,1.90,1.36,1.12,1.33,1.36
[06/12/2018 00:00],0.19,0.51,1.62,2.32,2.31,2.32,1.89,1.35,1.86,1.89
[07/12/2018 00:00],4.78,0.96,1.62,7.35,7.35,7.35,6.93,6.84,6.88,6.93
[08/12/2018 00:00],5.81,0.71,1.62,8.14,8.14,8.14,7.04,6.92,7.00,7.04
[09/12/2018 00:00],1.50,0.69,1.62,3.80,3.80,3.80,3.51,3.56,3.46,3.51
[10/12/2018 00:00],0.25,0.12,1.62,1.98,1.98,1.98,1.56,1.21,1.30,1.56
[11/12/2018 00:00],-0.22,0.14,1.62,1.55,1.55,1.55,1.13,0.85,1.01,1.13
[12/12/2018 00:00],0.06,1.53,1.62,3.21,3.20,3.21,2.81,0.85,2.71,2.81
[13/12/2018 00:00],1.20,1.46,1.62,4.27,4.27,4.27,3.85,2.19,3.91,3.85
[14/12/2018 00:00],0.16,1.35,1.62,3.14,3.13,3.14,2.71,2.71,2.94,2.71
[15/12/2018 00:00],3.83,0.15,1.62,5.60,5.60,5.60,5.21,5.17,5.27,5.21
[16/12/2018 00:00],1.18,0.20,1.62,3.00,2.99,3.00,2.68,2.59,2.61,2.68
[17/12/2018 00:00],0.35,0.34,1.62,2.31,2.30,2.31,1.87,1.60,1.69,1.87
[18/12/2018 00:00],2.94,0.56,1.62,5.11,5.10,5.11,4.66,4.63,4.67,4.66
[19/12/2018 00:00],0.90,0.12,1.62,2.64,2.64,2.64,2.22,1.98,2.18,2.22
[20/12/2018 00:00],0.65,0.08,1.62,2.34,2.34,2.34,2.00,1.82,2.12,2.00
[21/12/2018 00:00],0.65,0.01,1.62,2.27,2.27,2.27,1.91,1.71,2.03,1.91
[22/12/2018 00:00],1.54,-0.14,1.62,3.01,3.01,3.01,2.83,2.82,2.96,2.83
[23/12/2018 00:00],0.60,0.17,1.62,2.39,2.39,2.39,2.15,1.89,2.28,2.15
[24/12/2018 00:00],0.32,0.12,1.62,2.07,2.06,2.07,1.78,1.38,1.90,1.78
[25/12/2018 00:00],0.18,0.01,1.62,1.82,1.81,1.82,1.70,1.37,1.82,1.70
[26/12/2018 00:00],-0.19,0.39,1.62,1.83,1.83,1.83,1.67,1.19,1.80,1.67
[27/12/2018 00:00],-0.30,-0.06,1.62,1.27,1.27,1.27,1.00,0.91,0.97,1.00
[28/12/2018 00:00],-0.39,0.01,1.62,1.25,1.24,1.25,1.03,0.85,1.00,1.03
[29/12/2018 00:00],2.82,0.21,1.62,4.65,4.64,4.65,4.48,4.18,4.46,4.48
[30/12/2018 00:00],0.70,-0.17,1.62,2.17,2.16,2.17,2.00,1.81,1.97,2.00
[31/12/2018 00:00],1.80,0.04,1.62,5.19,5.19,5.19,3.28,3.04,3.36,3.28
[01/01/2019 00:00],0.35,0.24,1.62,0.62,3.79,2.21,2.27,2.19,2.18,2.27
[02/01/2019 00:00],0.04,0.10,1.62,0.17,3.34,1.76,1.39,1.14,1.36,1.39
[03/01/2019 00:00],-0.27,0.02,1.62,-0.23,2.95,1.37,0.89,0.66,0.87,0.89
[04/01/2019 00:00],-0.54,0.06,1.62,-0.44,2.74,1.16,0.63,0.51,0.60,0.63
[05/01/2019 00:00],0.16,0.07,1.62,0.26,3.42,1.84,1.42,1.24,1.40,1.42
[06/01/2019 00:00],0.19,-0.01,1.62,0.22,3.38,1.80,1.50,1.29,1.47,1.50
[07/01/2019 00:00],-0.03,0.71,1.62,0.73,3.89,2.31,1.91,1.68,1.88,1.91
[08/01/2019 00:00],0.83,0.18,1.62,1.05,4.21,2.63,2.28,2.01,2.26,2.28
[09/01/2019 00:00],0.12,-0.08,1.62,0.08,3.25,1.67,1.14,1.09,1.13,1.14
[10/01/2019 00:00],0.13,0.04,1.62,0.21,3.37,1.79,1.34,1.05,1.39,1.34
[11/01/2019 00:00],0.29,0.12,1.62,0.43,3.59,2.01,1.53,1.35,1.59,1.53
[12/01/2019 00:00],3.17,0.42,1.62,3.63,6.79,5.21,5.08,4.87,5.15,5.08
[13/01/2019 00:00],5.12,0.95,1.62,6.10,9.26,7.68,7.38,7.27,7.45,7.38
[14/01/2019 00:00],0.31,0.43,1.62,0.77,3.93,2.35,2.02,1.81,2.08,2.02
[15/01/2019 00:00],2.52,0.12,1.62,2.68,5.84,4.26,3.85,3.71,3.89,3.85
[16/01/2019 00:00],1.44,0.28,1.62,1.75,4.91,3.33,2.91,2.53,2.96,2.91
[17/01/2019 00:00],0.08,0.17,1.62,0.29,3.45,1.87,1.41,1.05,1.41,1.41
[18/01/2019 00:00],-0.20,0.26,1.62,0.10,3.26,1.68,1.14,1.11,1.14,1.14
[19/01/2019 00:00],0.27,0.09,1.62,0.40,3.56,1.98,1.60,1.43,1.60,1.60
[20/01/2019 00:00],-0.05,0.01,1.62,0.00,3.17,1.59,1.19,1.06,1.18,1.19
[21/01/2019 00:00],-0.16,0.98,1.62,0.86,4.02,2.44,2.00,1.77,2.00,2.00
[22/01/2019 00:00],0.31,0.23,1.62,0.57,3.73,2.15,1.72,1.47,1.69,1.72
[23/01/2019 00:00],0.28,0.21,1.62,0.52,3.68,2.10,1.64,1.24,1.64,1.64
[24/01/2019 00:00],-0.06,1.00,1.62,0.98,4.14,2.56,1.86,0.86,1.85,1.86
[25/01/2019 00:00],-0.24,0.86,1.62,0.67,3.83,2.25,1.55,0.85,1.52,1.55
[26/01/2019 00:00],1.50,0.16,1.62,1.69,4.85,3.27,3.03,2.73,3.01,3.03
[27/01/2019 00:00],6.06,-0.05,1.62,6.06,9.22,7.64,7.20,7.15,7.19,7.20
[28/01/2019 00:00],0.81,-0.08,1.62,0.78,3.94,2.36,1.90,1.69,1.90,1.90
[29/01/2019 00:00],0.09,0.07,1.62,0.19,3.35,1.77,1.22,1.07,1.20,1.22
[30/01/2019 00:00],-0.28,0.18,1.62,-0.07,3.11,1.53,1.03,0.75,1.01,1.03
[31/01/2019 00:00],0.18,0.08,1.62,0.29,3.45,1.87,1.31,1.14,1.31,1.31
[01/02/2019 00:00],0.34,0.05,1.62,0.42,3.58,2.00,1.67,1.62,1.45,1.67
[02/02/2019 00:00],0.17,0.12,1.62,0.33,3.49,1.91,1.55,1.32,1.59,1.55
[03/02/2019 00:00],0.37,0.08,1.62,0.49,3.65,2.07,1.69,1.43,1.72,1.69
[04/02/2019 00:00],0.78,0.06,1.62,0.87,4.04,2.46,2.06,1.62,2.08,2.06
[05/02/2019 00:00],0.09,0.45,1.62,0.57,3.73,2.15,1.66,1.04,1.67,1.66
[06/02/2019 00:00],0.46,0.07,1.62,0.55,3.72,2.14,1.69,1.51,1.73,1.69
[07/02/2019 00:00],0.43,0.08,1.62,0.54,3.71,2.13,1.74,1.62,1.69,1.74
[08/02/2019 00:00],3.48,0.09,1.62,3.61,6.77,5.19,4.81,4.58,4.78,4.81
[09/02/2019 00:00],5.79,0.59,1.62,6.41,9.57,7.99,7.85,7.18,7.78,7.85
[10/02/2019 00:00],0.53,0.06,1.62,0.62,3.78,2.21,1.96,1.76,1.92,1.96
[11/02/2019 00:00],0.21,0.02,1.62,0.27,3.43,1.86,1.52,1.18,1.50,1.52
[12/02/2019 00:00],0.65,0.07,1.62,0.74,3.90,2.32,1.91,1.67,1.86,1.91
[13/02/2019 00:00],1.09,-0.03,1.62,1.11,4.27,2.69,2.21,2.26,2.19,2.21
[14/02/2019 00:00],1.21,0.33,1.62,1.56,4.72,3.15,2.67,2.38,2.68,2.67
[15/02/2019 00:00],0.86,0.19,1.62,1.07,4.23,2.65,2.23,1.97,2.23,2.23
[16/02/2019 00:00],1.02,0.36,1.62,1.42,4.58,3.00,2.96,2.55,2.92,2.96
[17/02/2019 00:00],4.21,0.09,1.62,4.33,7.49,5.92,5.88,5.64,5.87,5.88
[18/02/2019 00:00],2.76,0.23,1.62,3.01,6.17,4.60,4.19,3.71,4.21,4.19
[19/02/2019 00:00],0.63,0.06,1.62,0.71,3.88,2.30,1.85,1.76,1.88,1.85
[20/02/2019 00:00],3.12,0.11,1.62,3.26,6.42,4.85,4.43,4.28,4.38,4.43
[21/02/2019 00:00],1.06,-0.15,1.62,0.95,4.11,2.53,2.22,2.35,2.27,2.22
[22/02/2019 00:00],2.15,-0.10,1.62,2.09,5.25,3.68,3.28,3.22,3.34,3.28
[23/02/2019 00:00],2.55,0.04,1.62,2.62,5.78,4.20,4.00,3.75,4.05,4.00
[24/02/2019 00:00],0.25,0.05,1.62,0.33,3.49,1.91,1.76,1.54,1.80,1.76
[25/02/2019 00:00],0.13,0.11,1.62,0.27,3.43,1.86,1.53,1.16,1.56,1.53
[26/02/2019 00:00],-0.14,0.07,1.62,-0.03,3.14,1.57,1.16,1.10,1.19,1.16
[27/02/2019 00:00],0.13,0.01,1.62,0.18,3.35,1.77,1.39,1.25,1.43,1.39
[28/02/2019 00:00],-0.07,0.13,1.62,0.09,3.25,1.68,1.26,1.16,1.28,1.26
[01/03/2019 00:00],0.00,0.15,1.62,0.18,3.35,1.77,2.44,1.75,1.31,2.44
[02/03/2019 00:00],3.32,0.33,1.62,3.68,6.84,5.26,5.19,5.01,5.22,5.19
[03/03/2019 00:00],5.32,0.87,1.62,6.22,9.38,7.80,7.49,6.89,7.58,7.49
[04/03/2019 00:00],1.25,0.20,1.62,1.48,4.64,3.06,2.73,2.31,2.73,2.73
[05/03/2019 00:00],1.07,0.01,1.62,1.11,4.27,2.70,2.28,2.11,2.27,2.28
[06/03/2019 00:00],1.21,-0.04,1.62,1.21,4.37,2.79,2.34,2.32,2.34,2.34
[07/03/2019 00:00],2.24,0.20,1.62,2.47,5.63,4.06,3.62,3.31,3.96,3.62
[08/03/2019 00:00],2.41,-0.02,1.62,2.43,5.59,4.01,3.57,3.50,3.89,3.57
[09/03/2019 00:00],6.02,0.07,1.62,6.13,9.29,7.71,7.39,7.12,7.78,7.39
[10/03/2019 00:00],3.79,0.06,1.62,3.89,7.05,5.47,5.34,5.10,5.77,5.34
[11/03/2019 00:00],3.36,0.39,1.62,3.78,6.94,5.37,4.91,4.32,5.28,4.91
[12/03/2019 00:00],6.24,0.27,1.62,6.54,9.70,8.13,7.59,7.20,7.94,7.59
[13/03/2019 00:00],6.58,0.33,1.62,6.93,10.09,8.52,8.02,7.45,8.28,8.02
[14/03/2019 00:00],6.44,0.13,1.62,6.60,9.76,8.18,7.96,7.51,7.98,7.96
[15/03/2019 00:00],5.64,-0.08,1.62,5.60,8.76,7.19,6.92,6.84,7.01,6.92
[16/03/2019 00:00],1.95,-0.05,1.62,1.93,5.09,3.52,3.33,3.19,3.36,3.33
[17/03/2019 00:00],5.15,0.34,1.62,5.52,8.68,7.11,6.92,6.58,6.72,6.92
[18/03/2019 00:00],0.79,-0.14,1.62,0.69,3.85,2.28,2.17,1.80,2.24,2.17
[19/03/2019 00:00],0.40,0.09,1.62,0.51,3.67,2.10,1.73,1.37,1.69,1.73
[20/03/2019 00:00],2.13,0.12,1.62,2.27,5.43,3.85,3.52,3.18,3.48,3.52
[21/03/2019 00:00],3.04,0.22,1.62,3.29,6.45,4.88,4.37,4.06,4.22,4.37
[22/03/2019 00:00],6.11,0.28,1.62,6.42,9.58,8.00,7.47,7.24,7.23,7.47
[23/03/2019 00:00],1.83,-0.06,1.62,1.81,4.97,3.39,3.48,3.05,3.21,3.48
[24/03/2019 00:00],4.73,-0.11,1.62,4.66,7.82,6.25,6.33,6.01,6.12,6.33
[25/03/2019 00:00],0.42,0.30,1.62,0.75,3.91,2.34,2.06,1.62,1.86,2.06
[26/03/2019 00:00],0.44,0.03,1.62,0.50,3.66,2.09,1.80,1.56,1.61,1.80
[27/03/2019 00:00],0.70,0.07,1.62,0.80,3.96,2.38,2.09,1.96,2.03,2.09
[28/03/2019 00:00],1.00,0.07,1.62,1.11,4.27,2.70,2.50,2.19,2.31,2.50
[29/03/2019 00:00],0.66,-0.07,1.62,0.63,3.79,2.22,2.06,1.80,1.86,2.06
[30/03/2019 00:00],0.64,0.05,1.62,0.72,3.88,2.31,2.36,2.13,2.20,2.36
[31/03/2019 00:00],1.51,0.10,1.62,1.64,4.80,3.22,3.08,3.10,3.14,3.08
[01/04/2019 00:00],0.62,-0.12,1.62,0.55,3.71,2.14,3.09,2.33,1.98,3.09
[02/04/2019 00:00],0.47,-0.01,1.62,0.50,3.66,2.09,1.93,1.74,1.86,1.93
[03/04/2019 00:00],2.61,0.01,1.62,2.65,5.81,4.24,3.97,3.74,3.86,3.97
[04/04/2019 00:00],0.98,0.05,1.62,1.07,4.23,2.66,2.39,2.20,2.26,2.39
[05/04/2019 00:00],1.12,0.19,1.62,1.33,4.49,2.92,2.75,2.39,2.49,2.75
[06/04/2019 00:00],1.17,-0.11,1.62,1.09,4.25,2.68,2.65,2.57,2.65,2.65
[07/04/2019 00:00],1.20,-0.12,1.62,1.13,4.29,2.72,2.68,2.75,2.67,2.68
[08/04/2019 00:00],0.55,0.04,1.62,0.63,3.79,2.22,2.01,1.83,1.89,2.01
[09/04/2019 00:00],0.47,-0.06,1.62,0.45,3.61,2.04,1.70,1.76,1.66,1.70
[10/04/2019 00:00],0.33,-0.03,1.62,0.34,3.51,1.93,1.70,1.61,1.58,1.70
[11/04/2019 00:00],-0.13,0.00,1.62,-0.10,3.08,1.50,1.20,1.24,1.22,1.20
[12/04/2019 00:00],0.15,0.17,1.62,0.36,3.52,1.94,1.72,1.45,1.47,1.72
[13/04/2019 00:00],3.30,0.01,1.62,3.35,6.51,4.93,5.02,4.92,4.74,5.02
[14/04/2019 00:00],2.51,0.05,1.62,2.60,5.76,4.18,4.21,4.06,4.04,4.21
[15/04/2019 00:00],4.61,0.20,1.62,4.85,8.01,6.43,6.36,6.19,6.17,6.36
[16/04/2019 00:00],1.97,0.26,1.62,2.28,5.44,3.86,3.79,3.36,3.39,3.79
[17/04/2019 00:00],0.72,0.08,1.62,0.83,3.99,2.41,2.30,2.12,2.51,2.30
[18/04/2019 00:00],0.48,0.11,1.62,0.63,3.79,2.21,2.20,1.95,2.42,2.20
[19/04/2019 00:00],0.96,-0.42,1.62,0.59,3.75,2.17,2.41,2.64,2.97,2.41
[20/04/2019 00:00],0.98,-0.40,1.62,0.64,3.80,2.22,2.59,2.81,3.10,2.59
[21/04/2019 00:00],1.14,-0.43,1.62,0.77,3.93,2.35,2.93,3.09,3.48,2.93
[22/04/2019 00:00],2.53,-0.23,1.62,2.36,5.52,3.94,4.37,4.44,4.76,4.37
[23/04/2019 00:00],1.42,0.03,1.62,1.50,4.66,3.08,3.16,3.11,3.39,3.16
[24/04/2019 00:00],2.39,-0.08,1.62,2.36,5.52,3.94,4.04,3.99,3.95,4.04
[25/04/2019 00:00],0.51,-0.03,1.62,0.53,3.69,2.11,2.07,2.16,1.99,2.07
[26/04/2019 00:00],1.80,0.19,1.62,2.03,5.19,3.61,3.52,3.41,3.43,3.52
[27/04/2019 00:00],2.69,0.06,1.62,2.79,5.95,4.37,4.75,4.42,4.76,4.75
[28/04/2019 00:00],1.19,0.36,1.62,1.58,4.74,3.16,3.25,2.85,3.16,3.25
[29/04/2019 00:00],0.19,0.00,1.62,0.24,3.40,1.82,1.70,1.65,1.60,1.70
[30/04/2019 00:00],0.25,0.13,1.62,0.42,3.58,2.00,1.93,1.69,1.84,1.93
[01/05/2019 00:00],0.15,-0.02,1.62,0.18,3.35,1.77,2.21,1.78,1.48,2.21
[02/05/2019 00:00],0.38,-0.03,1.62,0.40,3.56,1.98,1.85,1.71,1.73,1.85
[03/05/2019 00:00],0.73,-0.02,1.62,0.77,3.93,2.35,2.10,2.08,1.96,2.10
[04/05/2019 00:00],1.65,-0.49,1.62,1.23,4.39,2.81,3.23,2.99,2.94,3.23
[05/05/2019 00:00],0.85,0.00,1.62,0.90,4.06,2.48,2.52,2.60,2.30,2.52
[06/05/2019 00:00],0.27,0.06,1.62,0.38,3.54,1.96,1.94,2.08,1.75,1.94
[07/05/2019 00:00],0.21,0.30,1.62,0.55,3.71,2.13,2.03,1.82,1.84,2.03
[08/05/2019 00:00],0.93,0.33,1.62,1.29,4.45,2.87,2.70,2.70,2.87,2.70
[09/05/2019 00:00],1.17,0.35,1.62,1.57,4.73,3.15,3.15,2.95,3.23,3.15
[10/05/2019 00:00],0.46,0.06,1.62,0.56,3.72,2.14,1.92,1.86,2.16,1.92
[11/05/2019 00:00],0.48,0.03,1.62,0.57,3.73,2.15,2.12,2.13,2.41,2.12
[12/05/2019 00:00],0.29,0.01,1.62,0.34,3.50,1.92,2.04,2.24,2.27,2.04
[13/05/2019 00:00],0.00,0.04,1.62,0.08,3.25,1.67,1.63,1.62,1.82,1.63
[14/05/2019 00:00],-0.11,0.12,1.62,0.05,3.22,1.64,1.55,1.49,1.75,1.55
[15/05/2019 00:00],0.08,0.06,1.62,0.18,3.35,1.77,1.66,1.75,1.63,1.66
[16/05/2019 00:00],-0.05,0.09,1.62,0.09,3.25,1.67,1.55,1.84,1.52,1.55
[17/05/2019 00:00],0.16,0.20,1.62,0.40,3.56,1.98,1.89,2.10,1.86,1.89
[18/05/2019 00:00],0.73,0.03,1.62,0.80,3.96,2.38,2.56,2.46,2.53,2.56
[19/05/2019 00:00],0.98,0.04,1.62,1.07,4.23,2.65,2.72,2.83,2.70,2.72
[20/05/2019 00:00],0.48,0.07,1.62,0.60,3.76,2.18,2.07,2.12,2.05,2.07
[21/05/2019 00:00],0.47,0.01,1.62,0.52,3.68,2.10,2.11,1.94,2.10,2.11
[22/05/2019 00:00],0.52,-0.08,1.62,0.49,3.65,2.07,2.16,2.07,2.06,2.16
[23/05/2019 00:00],0.40,0.03,1.62,0.46,3.62,2.04,1.95,1.99,1.91,1.95
[24/05/2019 00:00],0.18,0.06,1.62,0.28,3.44,1.86,1.84,1.79,1.79,1.84
[25/05/2019 00:00],0.40,0.10,1.62,0.53,3.69,2.11,2.29,2.30,2.23,2.29
[26/05/2019 00:00],6.74,0.40,1.62,7.17,10.33,8.75,9.08,8.58,8.95,9.08
[27/05/2019 00:00],3.03,0.19,1.62,3.26,6.42,4.84,5.44,5.28,5.19,5.44
[28/05/2019 00:00],0.13,0.18,1.62,0.35,3.51,1.93,1.88,1.80,1.82,1.88
[29/05/2019 00:00],0.50,-0.02,1.62,0.52,3.68,2.10,2.01,2.09,2.18,2.01
[30/05/2019 00:00],2.57,0.13,1.62,2.74,5.90,4.32,4.35,4.33,4.55,4.35
[31/05/2019 00:00],2.13,0.20,1.62,2.36,5.52,3.94,4.14,4.04,4.32,4.14
[01/06/2019 00:00],2.38,0.70,1.62,3.12,6.28,4.70,5.56,5.28,5.35,5.56
[02/06/2019 00:00],7.18,0.74,1.62,7.95,11.11,9.53,10.27,9.93,10.23,10.27
[03/06/2019 00:00],6.17,1.22,1.62,7.43,10.59,9.01,9.69,9.60,9.80,9.69
[04/06/2019 00:00],0.48,0.05,1.62,0.57,3.73,2.15,2.03,1.89,2.13,2.03
[05/06/2019 00:00],0.59,0.25,1.62,0.88,4.04,2.46,2.39,2.17,2.35,2.39
[06/06/2019 00:00],0.46,0.22,1.62,0.72,3.88,2.30,2.42,2.36,2.38,2.42
[07/06/2019 00:00],0.85,0.45,1.62,1.33,4.49,2.91,2.99,2.96,2.95,2.99
[08/06/2019 00:00],2.23,1.01,1.62,3.27,6.43,4.85,5.39,5.29,5.34,5.39
[09/06/2019 00:00],1.89,0.88,1.62,2.81,5.97,4.38,4.84,4.74,4.70,4.84
[10/06/2019 00:00],0.68,0.44,1.62,1.14,4.30,2.72,2.58,2.59,2.55,2.58
[11/06/2019 00:00],1.16,0.23,1.62,1.43,4.59,3.00,2.88,2.85,2.85,2.88
[12/06/2019 00:00],1.85,0.24,1.62,2.12,5.28,3.70,3.49,3.26,3.45,3.49
[13/06/2019 00:00],2.11,0.37,1.62,2.51,5.67,4.09,3.94,3.99,3.91,3.94
[14/06/2019 00:00],0.23,0.46,1.62,0.73,3.89,2.30,2.16,2.19,2.12,2.16
[15/06/2019 00:00],1.79,-0.06,1.62,1.78,4.94,3.36,3.62,3.55,3.60,3.62
[16/06/2019 00:00],2.31,-0.04,1.62,2.31,5.47,3.89,4.33,4.31,4.29,4.33
[17/06/2019 00:00],2.12,0.48,1.62,2.63,5.79,4.21,4.24,4.24,4.22,4.24
[18/06/2019 00:00],0.15,0.24,1.62,0.42,3.58,2.00,1.91,1.92,1.90,1.91
[19/06/2019 00:00],0.25,0.43,1.62,0.72,3.88,2.30,2.21,1.94,2.22,2.21
[20/06/2019 00:00],0.37,0.30,1.62,0.69,3.85,2.27,2.40,2.30,2.33,2.40
[21/06/2019 00:00],0.04,0.27,1.62,0.34,3.51,1.93,1.90,2.29,1.97,1.90
[22/06/2019 00:00],0.19,0.55,1.62,0.78,3.94,2.36,2.59,2.81,2.70,2.59
[23/06/2019 00:00],0.89,0.87,1.62,1.79,4.95,3.37,3.60,3.61,3.61,3.60
[24/06/2019 00:00],1.38,0.39,1.62,1.80,4.96,3.38,3.44,3.29,3.42,3.44
[25/06/2019 00:00],0.23,0.11,1.62,0.37,3.53,1.95,1.77,1.77,1.78,1.77
[26/06/2019 00:00],-0.08,0.49,1.62,0.45,3.62,2.03,1.93,1.44,1.92,1.93
[27/06/2019 00:00],-0.07,0.26,1.62,0.24,3.40,1.82,1.76,1.80,1.76,1.76
[28/06/2019 00:00],0.32,0.16,1.62,0.52,3.68,2.10,2.10,2.18,2.08,2.10
[29/06/2019 00:00],2.48,0.16,1.62,2.68,5.84,4.26,4.56,4.63,4.45,4.56
[30/06/2019 00:00],4.88,1.08,1.62,5.99,9.15,7.57,8.01,7.13,7.18,8.01
[01/07/2019 00:00],3.08,1.07,1.62,4.19,7.35,5.77,6.76,6.40,6.15,6.76
[02/07/2019 00:00],0.38,0.05,1.62,0.46,3.63,2.05,2.11,1.97,1.99,2.11
[03/07/2019 00:00],0.28,-0.06,1.62,0.27,3.44,1.86,1.83,1.84,1.84,1.83
[04/07/2019 00:00],0.40,0.01,1.62,0.44,3.60,2.02,2.01,2.06,2.02,2.01
[05/07/2019 00:00],0.70,-0.04,1.62,0.69,3.85,2.27,2.40,2.34,2.38,2.40
[06/07/2019 00:00],0.54,0.12,1.62,0.68,3.85,2.27,2.94,2.52,2.62,2.94
[07/07/2019 00:00],0.12,0.23,1.62,0.39,3.55,1.97,2.46,2.15,2.14,2.46
[08/07/2019 00:00],0.33,0.05,1.62,0.41,3.57,1.99,2.25,1.83,1.96,2.25
[09/07/2019 00:00],0.37,-0.03,1.62,0.37,3.53,1.95,1.83,1.82,1.77,1.83
[10/07/2019 00:00],0.30,0.19,1.62,0.51,3.68,2.10,1.97,1.85,2.17,1.97
[11/07/2019 00:00],0.36,0.48,1.62,0.87,4.04,2.46,2.43,2.34,2.60,2.43
[12/07/2019 00:00],0.33,0.32,1.62,0.68,3.84,2.26,2.28,2.20,2.53,2.28
[13/07/2019 00:00],0.27,0.23,1.62,0.53,3.70,2.12,2.30,2.45,2.55,2.30
[14/07/2019 00:00],0.70,-0.02,1.62,0.72,3.88,2.30,2.46,2.57,2.71,2.46
[15/07/2019 00:00],-0.32,0.42,1.62,0.14,3.30,1.73,1.60,1.71,1.79,1.60
[16/07/2019 00:00],0.08,0.36,1.62,0.47,3.63,2.06,1.99,2.17,2.20,1.99
[17/07/2019 00:00],-0.14,0.67,1.62,0.58,3.74,2.16,2.03,1.56,1.94,2.03
[18/07/2019 00:00],0.21,0.28,1.62,0.53,3.69,2.11,2.05,2.03,1.99,2.05
[19/07/2019 00:00],0.30,0.38,1.62,0.70,3.86,2.29,2.13,2.43,2.06,2.13
[20/07/2019 00:00],2.30,0.14,1.62,2.48,5.64,4.06,4.34,4.44,4.22,4.34
[21/07/2019 00:00],3.29,0.59,1.62,3.91,7.07,5.49,5.81,6.23,5.90,5.81
[22/07/2019 00:00],3.46,1.11,1.62,4.60,7.76,6.18,6.43,6.74,6.31,6.43
[23/07/2019 00:00],0.77,0.61,1.62,1.42,4.58,3.00,2.74,2.81,2.65,2.74
[24/07/2019 00:00],0.38,1.34,1.62,1.76,4.92,3.34,3.36,1.91,3.38,3.36
[25/07/2019 00:00],0.73,0.70,1.62,1.46,4.62,3.04,3.07,2.96,3.06,3.07
[26/07/2019 00:00],0.48,0.35,1.62,0.86,4.02,2.44,2.22,2.27,2.28,2.22
[27/07/2019 00:00],0.84,0.41,1.62,1.28,4.44,2.86,2.89,2.93,2.95,2.89
[28/07/2019 00:00],1.70,0.48,1.62,2.21,5.37,3.79,4.07,4.30,4.27,4.07
[29/07/2019 00:00],0.81,-0.10,1.62,0.75,3.91,2.33,2.25,2.28,2.28,2.25
[30/07/2019 00:00],0.80,0.30,1.62,1.14,4.30,2.72,2.57,2.36,2.61,2.57
[31/07/2019 00:00],1.95,-0.14,1.62,1.85,5.01,3.43,3.33,3.60,3.25,3.33
[01/08/2019 00:00],0.83,0.05,1.62,0.92,4.08,2.50,3.20,2.42,2.27,3.20
[02/08/2019 00:00],1.55,-0.38,1.62,1.22,4.38,2.80,2.74,2.72,2.61,2.74
[03/08/2019 00:00],1.29,-0.33,1.62,1.00,4.16,2.58,2.69,2.77,2.66,2.69
[04/08/2019 00:00],1.85,-0.27,1.62,1.62,4.78,3.20,3.25,3.39,3.20,3.25
[05/08/2019 00:00],0.54,0.40,1.62,0.98,4.14,2.56,2.55,2.57,2.51,2.55
[06/08/2019 00:00],0.86,0.13,1.62,1.03,4.19,2.61,2.47,2.44,2.32,2.47
[07/08/2019 00:00],1.06,0.42,1.62,1.51,4.67,3.09,2.97,2.84,3.51,2.97
[08/08/2019 00:00],1.61,0.11,1.62,1.76,4.92,3.34,3.41,3.40,3.91,3.41
[09/08/2019 00:00],2.69,0.02,1.62,2.75,5.91,4.33,5.16,4.62,5.59,5.16
[10/08/2019 00:00],3.07,1.11,1.62,4.22,7.38,5.80,6.33,6.44,7.06,6.33
[11/08/2019 00:00],2.09,2.27,1.62,4.40,7.56,5.98,6.51,4.69,5.28,6.51
[12/08/2019 00:00],0.50,0.99,1.62,1.53,4.69,3.11,3.10,2.43,3.01,3.10
[13/08/2019 00:00],0.76,0.20,1.62,0.99,4.15,2.57,2.58,2.30,3.13,2.58
[14/08/2019 00:00],1.21,-0.02,1.62,1.23,4.39,2.81,2.62,2.66,2.73,2.62
[15/08/2019 00:00],3.22,0.16,1.62,3.41,6.57,4.99,5.10,4.97,5.21,5.10
[16/08/2019 00:00],2.56,0.25,1.62,2.84,6.00,4.42,4.56,4.62,4.57,4.56
[17/08/2019 00:00],3.74,0.76,1.62,4.54,7.70,6.12,6.88,6.75,6.65,6.88
[18/08/2019 00:00],5.21,0.85,1.62,6.10,9.26,7.68,8.62,8.36,8.46,8.62
[19/08/2019 00:00],1.16,0.60,1.62,1.81,4.97,3.39,3.60,3.55,3.73,3.60
[20/08/2019 00:00],0.81,0.16,1.62,1.00,4.16,2.58,2.53,2.41,2.66,2.53
[21/08/2019 00:00],0.85,0.92,1.62,1.80,4.96,3.38,3.43,2.54,4.13,3.43
[22/08/2019 00:00],3.50,0.35,1.62,3.89,7.05,5.47,5.67,6.21,6.18,5.67
[23/08/2019 00:00],1.55,0.23,1.62,1.81,4.97,3.39,3.40,3.40,2.99,3.40
[24/08/2019 00:00],1.55,-0.08,1.62,1.52,4.68,3.10,3.47,3.59,3.11,3.47
[25/08/2019 00:00],0.95,0.18,1.62,1.17,4.33,2.75,3.03,3.27,2.89,3.03
[26/08/2019 00:00],0.71,0.42,1.62,1.16,4.32,2.74,2.79,2.92,2.92,2.79
[27/08/2019 00:00],0.66,0.59,1.62,1.28,4.44,2.86,2.81,2.04,2.65,2.81
[28/08/2019 00:00],0.12,0.79,1.62,0.96,4.12,2.53,2.27,1.53,2.49,2.27
[29/08/2019 00:00],0.98,1.41,1.62,2.43,5.59,4.00,4.01,4.09,4.20,4.01
[30/08/2019 00:00],4.41,1.21,1.62,5.66,8.82,7.23,7.54,7.35,7.71,7.54
[31/08/2019 00:00],8.54,0.74,1.62,9.31,12.47,10.89,11.77,11.57,12.05,11.77
[01/09/2019 00:00],4.64,0.23,1.62,4.92,8.08,6.49,7.87,8.22,7.45,7.87
[02/09/2019 00:00],1.57,1.06,1.62,2.67,5.83,4.25,4.43,4.38,4.69,4.43
[03/09/2019 00:00],1.77,0.45,1.62,2.25,5.41,3.83,3.96,3.85,4.21,3.96
[04/09/2019 00:00],2.91,0.92,1.62,3.86,7.02,5.44,5.79,4.86,5.78,5.79
[05/09/2019 00:00],2.09,0.51,1.62,2.63,5.79,4.20,4.54,4.36,4.65,4.54
[06/09/2019 00:00],2.61,0.65,1.62,3.30,6.46,4.88,5.33,4.97,5.20,5.33
[07/09/2019 00:00],1.87,-0.07,1.62,1.84,5.00,3.42,4.07,3.57,3.87,4.07
[08/09/2019 00:00],1.33,0.32,1.62,1.69,4.85,3.26,3.65,3.55,3.67,3.65
[09/09/2019 00:00],0.31,0.64,1.62,0.98,4.14,2.56,2.50,2.34,2.50,2.50
[10/09/2019 00:00],1.43,0.37,1.62,1.83,4.99,3.41,3.47,3.32,3.52,3.47
[11/09/2019 00:00],4.19,0.56,1.62,4.79,7.95,6.36,6.57,6.00,6.78,6.57
[12/09/2019 00:00],0.95,0.31,1.62,1.29,4.45,2.87,2.97,2.94,3.16,2.97
[13/09/2019 00:00],1.35,0.13,1.62,1.52,4.68,3.09,3.33,3.22,3.53,3.33
[14/09/2019 00:00],5.14,0.35,1.62,5.53,8.69,7.11,7.64,7.47,7.87,7.64
[15/09/2019 00:00],3.17,1.63,1.62,4.83,7.99,6.41,7.02,6.91,7.22,7.02
[16/09/2019 00:00],0.77,0.78,1.62,1.58,4.74,3.16,3.08,3.07,3.20,3.08
[17/09/2019 00:00],0.70,0.49,1.62,1.23,4.39,2.81,2.66,2.59,2.85,2.66
[18/09/2019 00:00],0.34,0.31,1.62,0.69,3.85,2.27,2.11,1.90,2.16,2.11
[19/09/2019 00:00],0.51,0.21,1.62,0.75,3.91,2.33,2.28,2.11,2.30,2.28
[20/09/2019 00:00],0.49,0.13,1.62,0.66,3.82,2.24,2.24,2.18,2.29,2.24
[21/09/2019 00:00],2.64,1.43,1.62,4.11,7.27,5.69,6.65,6.21,6.68,6.65
[22/09/2019 00:00],1.77,0.55,1.62,2.36,5.52,3.93,4.49,4.23,4.53,4.49
[23/09/2019 00:00],0.48,0.87,1.62,1.39,4.55,2.97,2.88,2.84,2.93,2.88
[24/09/2019 00:00],1.33,0.44,1.62,1.81,4.97,3.38,3.32,3.26,3.38,3.32
[25/09/2019 00:00],0.69,0.42,1.62,1.16,4.32,2.73,2.50,2.24,2.54,2.50
[26/09/2019 00:00],1.66,0.38,1.62,2.09,5.25,3.66,3.63,3.47,3.66,3.63
[27/09/2019 00:00],1.79,0.44,1.62,2.28,5.44,3.85,3.84,3.99,3.94,3.84
[28/09/2019 00:00],2.81,0.19,1.62,3.04,6.20,4.61,5.00,4.78,5.05,5.00
[29/09/2019 00:00],2.94,0.16,1.62,3.14,6.30,4.72,4.92,4.96,4.90,4.92
[30/09/2019 00:00],1.80,0.12,1.62,1.97,5.13,3.54,3.31,3.38,3.36,3.31
[01/10/2019 00:00],1.87,0.70,1.62,2.61,5.77,4.18,4.55,4.22,4.10,4.55
[02/10/2019 00:00],1.80,0.46,1.62,2.30,5.46,3.87,3.65,3.22,3.78,3.65
[03/10/2019 00:00],1.10,0.93,1.62,2.07,5.23,3.65,3.35,3.32,3.47,3.35
[04/10/2019 00:00],3.04,0.45,1.62,3.52,6.68,5.10,4.86,4.80,4.98,4.86
[05/10/2019 00:00],1.80,0.47,1.62,2.31,5.47,3.88,3.83,3.79,3.98,3.83
[06/10/2019 00:00],3.00,0.57,1.62,3.61,6.77,5.18,5.37,5.38,5.47,5.37
[07/10/2019 00:00],4.51,1.01,1.62,5.56,8.72,7.14,6.75,6.76,6.89,6.75
[08/10/2019 00:00],4.97,0.73,1.62,5.74,8.90,7.31,7.35,6.52,7.47,7.35
[09/10/2019 00:00],5.82,0.23,1.62,6.08,9.25,7.65,7.68,7.57,7.49,7.68
[10/10/2019 00:00],4.14,1.06,1.62,5.23,8.40,6.81,6.85,6.77,6.62,6.85
[11/10/2019 00:00],4.54,0.16,1.62,4.73,7.90,6.31,6.38,6.45,6.15,6.38
[12/10/2019 00:00],2.66,0.03,1.62,2.74,5.90,4.31,4.29,4.38,4.05,4.29
[13/10/2019 00:00],1.15,0.29,1.62,1.48,4.64,3.05,3.00,2.89,2.75,3.00
[14/10/2019 00:00],0.98,0.22,1.62,1.24,4.41,2.81,2.53,2.47,2.34,2.53
[15/10/2019 00:00],0.99,0.28,1.62,1.31,4.47,2.88,2.57,2.51,2.37,2.57
[16/10/2019 00:00],1.50,0.01,1.62,1.55,4.72,3.12,2.90,2.90,2.91,2.90
[17/10/2019 00:00],1.12,0.43,1.62,1.58,4.75,3.16,2.79,2.89,2.82,2.79
[18/10/2019 00:00],1.35,-0.04,1.62,1.34,4.51,2.92,2.52,2.90,2.55,2.52
[19/10/2019 00:00],1.22,0.27,1.62,1.52,4.69,3.10,2.97,2.91,2.92,2.97
[20/10/2019 00:00],1.58,0.58,1.62,2.19,5.36,3.77,3.67,3.59,3.67,3.67
[21/10/2019 00:00],1.06,0.48,1.62,1.58,4.75,3.16,2.71,2.68,2.75,2.71
[22/10/2019 00:00],2.22,1.11,1.62,3.36,6.53,4.94,4.61,4.62,4.62,4.61
[23/10/2019 00:00],4.69,0.88,1.62,5.61,8.78,7.19,6.93,6.06,6.91,6.93
[24/10/2019 00:00],3.20,-0.11,1.62,3.13,6.29,4.70,4.43,4.37,4.44,4.43
[25/10/2019 00:00],1.79,-0.06,1.62,1.77,4.93,3.34,3.07,3.12,3.14,3.07
[26/10/2019 00:00],3.05,-0.07,1.62,3.02,6.18,4.59,4.51,4.47,4.46,4.51
[27/10/2019 00:00],10.87,0.98,1.62,11.89,15.05,13.47,11.47,11.38,11.55,11.47
[28/10/2019 00:00],0.86,0.15,1.62,1.06,4.22,2.64,2.25,1.98,2.11,2.25
[29/10/2019 00:00],0.16,0.60,1.62,0.80,3.96,2.38,1.90,1.93,1.93,1.90
[30/10/2019 00:00],0.23,0.69,1.62,0.95,4.11,2.53,2.05,1.38,2.10,2.05
[31/10/2019 00:00],0.26,0.39,1.62,0.69,3.85,2.27,1.82,1.98,1.85,1.82
[01/11/2019 00:00],1.00,0.05,1.62,1.08,4.24,2.66,3.91,2.42,2.33,3.91
[02/11/2019 00:00],1.96,0.36,1.62,2.35,5.51,3.93,3.75,3.87,3.54,3.75
[03/11/2019 00:00],1.84,0.27,1.62,2.15,5.31,3.73,3.48,3.60,3.42,3.48
[04/11/2019 00:00],2.41,0.44,1.62,2.88,6.04,4.46,4.02,4.05,4.06,4.02
[05/11/2019 00:00],2.12,0.43,1.62,2.58,5.74,4.16,3.63,3.54,3.69,3.63
[06/11/2019 00:00],0.71,0.08,1.62,0.83,3.99,2.41,2.04,1.96,2.27,2.04
[07/11/2019 00:00],1.17,0.30,1.62,1.50,4.66,3.08,2.65,2.79,2.92,2.65
[08/11/2019 00:00],1.11,0.39,1.62,1.54,4.70,3.12,2.71,2.54,2.89,2.71
[09/11/2019 00:00],0.84,0.20,1.62,1.07,4.23,2.65,2.29,2.42,2.55,2.29
[10/11/2019 00:00],1.29,0.21,1.62,1.54,4.70,3.12,2.82,2.86,3.10,2.82
[11/11/2019 00:00],1.88,0.29,1.62,2.21,5.37,3.79,3.52,3.56,3.74,3.52
[12/11/2019 00:00],1.56,0.79,1.62,2.39,5.55,3.97,3.70,2.80,3.92,3.70
[13/11/2019 00:00],0.75,0.10,1.62,0.88,4.04,2.46,2.06,1.93,2.04,2.06
[14/11/2019 00:00],0.81,0.63,1.62,1.48,4.64,3.06,2.66,2.65,2.67,2.66
[15/11/2019 00:00],0.46,0.59,1.62,1.08,4.24,2.66,2.28,2.29,2.29,2.28
[16/11/2019 00:00],0.71,0.22,1.62,0.97,4.13,2.55,,2.25,2.19,2.20
[17/11/2019 00:00],0.70,0.44,1.62,1.17,4.33,2.75,,2.52,2.37,2.34
[18/11/2019 00:00],0.62,0.15,1.62,0.81,3.96,2.39,,2.16,1.96,1.98
[19/11/2019 00:00],0.42,0.12,1.62,0.58,3.74,2.16,,1.60,1.68,1.69
[20/11/2019 00:00],0.61,0.96,1.62,1.61,4.76,3.19,,1.79,2.74,2.72
[21/11/2019 00:00],1.19,1.15,1.62,2.38,5.53,3.96,,3.60,3.53,3.52
[22/11/2019 00:00],1.42,0.24,1.62,1.70,4.86,3.28,,2.91,2.95,2.98
[23/11/2019 00:00],1.03,0.25,1.62,1.33,4.48,2.91,2.76,2.71,2.70,2.76
[24/11/2019 00:00],0.65,0.38,1.62,1.07,4.23,2.65,2.32,2.48,2.32,2.32
[25/11/2019 00:00],0.81,0.29,1.62,1.14,4.30,2.72,2.31,2.35,2.31,2.31
[26/11/2019 00:00],0.74,0.02,1.62,0.80,3.96,2.38,,1.97,1.89,1.88
[27/11/2019 00:00],0.93,-0.02,1.62,0.95,4.11,2.54,,2.18,2.07,2.07
[28/11/2019 00:00],2.07,0.20,1.62,2.31,5.47,3.89,3.50,3.71,3.47,3.50
[29/11/2019 00:00],0.68,-0.01,1.62,0.72,3.88,2.30,,1.85,1.75,1.75
[30/11/2019 00:00],0.27,-0.03,1.62,0.28,3.44,1.86,,1.45,1.43,1.36
[01/12/2019 00:00],0.52,-0.01,1.62,0.56,3.72,2.14,3.55,1.96,1.60,3.55
[02/12/2019 00:00],0.87,-0.03,1.62,0.90,4.06,2.48,,1.99,2.03,1.92
[03/12/2019 00:00],0.61,0.25,1.62,0.90,4.05,2.48,1.92,2.05,1.93,1.92
[04/12/2019 00:00],2.23,1.13,1.62,3.41,6.56,4.99,4.63,3.37,4.93,4.63
[05/12/2019 00:00],6.58,0.47,1.62,7.09,10.25,8.67,8.60,8.62,8.57,8.60
[06/12/2019 00:00],3.42,0.17,1.62,3.63,6.78,5.21,,5.14,4.97,4.97
[07/12/2019 00:00],2.95,0.07,1.62,3.05,6.20,4.63,,4.60,4.24,4.28
[08/12/2019 00:00],7.48,0.60,1.62,8.12,11.27,9.70,,9.24,9.25,9.20
[09/12/2019 00:00],3.35,0.14,1.62,3.53,6.68,5.11,,4.84,4.70,4.68
[10/12/2019 00:00],3.79,0.42,1.62,4.24,7.40,5.82,,5.05,5.34,5.32
[11/12/2019 00:00],3.11,0.12,1.62,3.27,6.42,4.85,,4.50,4.50,4.52
[12/12/2019 00:00],1.26,-0.04,1.62,1.26,4.42,2.84,,2.41,2.54,2.33
[13/12/2019 00:00],1.55,0.12,1.62,1.71,4.86,3.29,,3.01,3.10,2.83
[14/12/2019 00:00],2.57,0.17,1.62,2.78,5.93,4.36,,4.15,4.35,4.03
[15/12/2019 00:00],2.01,0.17,1.62,2.22,5.37,3.80,,3.62,3.74,3.48
[16/12/2019 00:00],1.35,-0.07,1.62,1.32,4.47,2.90,,2.52,2.69,2.47
[17/12/2019 00:00],0.36,0.01,1.62,0.41,3.57,1.99,,1.41,1.63,1.41
[18/12/2019 00:00],1.19,0.12,1.62,1.35,4.50,2.93,,2.44,2.64,2.43
[19/12/2019 00:00],1.76,0.11,1.62,1.90,5.05,3.48,,3.05,3.16,3.02
[20/12/2019 00:00],2.37,0.15,1.62,2.55,5.70,4.13,,3.85,3.87,3.74
[21/12/2019 00:00],1.05,0.38,1.62,1.47,4.62,3.05,,2.77,2.85,2.70
[22/12/2019 00:00],0.93,0.19,1.62,1.15,4.30,2.73,,2.57,2.44,2.31
[23/12/2019 00:00],1.63,0.15,1.62,1.82,4.97,3.40,,3.31,2.99,3.00
[24/12/2019 00:00],1.38,0.08,1.62,1.50,4.65,3.08,,2.67,2.78,2.78
[25/12/2019 00:00],1.49,0.43,1.62,1.95,5.11,3.53,,2.98,3.32,3.33
[26/12/2019 00:00],1.74,0.51,1.62,2.29,5.44,3.87,,3.39,3.66,3.66
[27/12/2019 00:00],2.05,0.18,1.62,2.27,5.42,3.85,3.61,3.72,3.57,3.61
[28/12/2019 00:00],3.32,0.06,1.62,3.41,6.57,4.99,4.76,4.96,4.74,4.76
[29/12/2019 00:00],5.19,-0.02,1.62,5.21,8.36,6.79,6.59,6.71,6.57,6.59
[30/12/2019 00:00],1.38,0.09,1.62,1.50,4.65,3.08,2.79,2.82,2.69,2.79
[31/12/2019 00:00],1.00,0.10,1.62,1.14,4.29,2.72,2.40,2.44,2.05,2.40
[01/01/2020 00:00],2.17,0.06,1.62,2.27,5.43,3.85,5.22,4.08,3.47,5.22
[02/01/2020 00:00],3.96,0.24,1.62,4.24,7.40,5.82,5.65,5.87,5.36,5.65
[03/01/2020 00:00],1.87,0.20,1.62,2.10,5.26,3.68,3.40,3.42,3.25,3.40
[04/01/2020 00:00],2.32,0.22,1.62,2.57,5.73,4.15,4.00,4.10,3.82,4.00
[05/01/2020 00:00],2.61,0.31,1.62,2.96,6.12,4.54,4.42,4.26,4.22,4.42
[06/01/2020 00:00],3.28,0.20,1.62,3.51,6.67,5.09,4.81,4.76,4.78,4.81
[07/01/2020 00:00],3.25,0.25,1.62,3.53,6.69,5.11,4.87,4.64,5.16,4.87
[08/01/2020 00:00],1.95,0.14,1.62,2.13,5.29,3.71,3.46,3.59,3.91,3.46
[09/01/2020 00:00],1.05,-0.11,1.62,0.98,4.14,2.56,2.10,2.18,2.52,2.10
[10/01/2020 00:00],2.78,0.08,1.62,2.90,6.06,4.48,4.20,4.20,4.65,4.20
[11/01/2020 00:00],4.62,0.40,1.62,5.07,8.23,6.65,6.63,6.71,7.05,6.63
[12/01/2020 00:00],2.37,-0.15,1.62,2.27,5.43,3.85,3.66,3.74,4.08,3.66
[13/01/2020 00:00],4.97,0.30,1.62,5.30,8.46,6.88,6.56,6.76,7.11,6.56
[14/01/2020 00:00],5.61,0.28,1.62,5.92,9.08,7.50,7.19,7.07,7.20,7.19
[15/01/2020 00:00],6.17,0.14,1.62,6.34,9.50,7.92,7.60,7.98,7.65,7.60
[16/01/2020 00:00],3.31,0.13,1.62,3.47,6.63,5.05,4.88,10.67,4.88,4.88
[17/01/2020 00:00],1.77,-0.08,1.62,1.73,4.89,3.31,2.93,3.02,2.91,2.93
[18/01/2020 00:00],1.59,-0.04,1.62,1.59,4.75,3.17,2.89,3.11,2.89,2.89
[19/01/2020 00:00],1.38,-0.08,1.62,1.33,4.49,2.91,2.56,2.68,2.51,2.56
[20/01/2020 00:00],1.31,0.02,1.62,1.37,4.53,2.95,2.44,2.55,2.43,2.44
[21/01/2020 00:00],0.85,0.04,1.62,0.93,4.09,2.51,1.98,2.73,1.96,1.98
[22/01/2020 00:00],0.58,0.02,1.62,0.65,3.81,2.23,1.87,1.74,1.78,1.87
[23/01/2020 00:00],0.11,0.32,1.62,0.47,3.63,2.05,1.47,1.57,1.46,1.47
[24/01/2020 00:00],0.01,0.32,1.62,0.37,3.53,1.95,1.34,1.55,1.32,1.34
[25/01/2020 00:00],2.74,0.08,1.62,2.85,6.01,4.43,4.01,4.26,4.08,4.01
[26/01/2020 00:00],4.43,0.26,1.62,4.72,7.88,6.30,6.25,6.44,6.35,6.25
[27/01/2020 00:00],1.67,0.02,1.62,1.73,4.89,3.31,2.93,2.97,2.85,2.93
[28/01/2020 00:00],1.37,-0.03,1.62,1.37,4.53,2.95,2.46,2.51,2.45,2.46
[29/01/2020 00:00],2.39,-0.05,1.62,2.38,5.54,3.96,3.56,3.66,3.62,3.56
[30/01/2020 00:00],4.53,0.02,1.62,4.57,7.73,6.15,5.85,5.95,5.89,5.85
[31/01/2020 00:00],4.62,0.05,1.62,4.70,7.86,6.28,6.08,6.19,6.13,6.08
[01/02/2020 00:00],6.01,0.08,1.62,6.13,9.29,7.71,9.30,8.39,8.39,9.30
[02/02/2020 00:00],1.82,-0.02,1.62,1.85,5.01,3.43,3.30,3.38,3.37,3.30
[03/02/2020 00:00],5.94,0.05,1.62,6.02,9.18,7.60,7.26,7.37,7.36,7.26
[04/02/2020 00:00],3.68,0.07,1.62,3.80,6.96,5.38,4.96,4.93,4.93,4.96
[05/02/2020 00:00],0.34,0.04,1.62,0.42,3.58,2.00,1.44,1.53,1.52,1.44
[06/02/2020 00:00],0.59,0.03,1.62,0.66,3.82,2.24,1.77,1.83,2.01,1.77
[07/02/2020 00:00],1.81,0.10,1.62,1.95,5.11,3.53,3.06,3.24,3.30,3.06
[08/02/2020 00:00],5.09,0.05,1.62,5.18,8.34,6.76,6.52,6.69,6.88,6.52
[09/02/2020 00:00],4.35,0.90,1.62,5.28,8.44,6.86,6.80,6.55,6.76,6.80
[10/02/2020 00:00],3.78,0.56,1.62,4.37,7.53,5.95,5.54,5.69,5.81,5.54
[11/02/2020 00:00],3.76,0.30,1.62,4.10,7.26,5.68,5.10,5.02,5.39,5.10
[12/02/2020 00:00],2.11,0.07,1.62,2.21,5.37,3.79,3.31,3.42,3.32,3.31
[13/02/2020 00:00],1.07,0.25,1.62,1.34,4.50,2.92,2.42,2.60,2.36,2.42
[14/02/2020 00:00],2.12,0.06,1.62,2.21,5.37,3.79,3.35,3.69,3.41,3.35
[15/02/2020 00:00],5.02,-0.03,1.62,5.02,8.18,6.60,6.40,6.47,6.32,6.40
[16/02/2020 00:00],5.76,0.61,1.62,6.40,9.56,7.98,7.89,8.21,7.94,7.89
[17/02/2020 00:00],4.43,0.20,1.62,4.66,7.82,6.24,5.75,5.96,5.89,5.75
[18/02/2020 00:00],3.83,0.07,1.62,3.95,7.11,5.53,5.00,5.03,5.03,5.00
[19/02/2020 00:00],3.32,-0.05,1.62,3.32,6.48,4.90,4.38,4.63,4.37,4.38
[20/02/2020 00:00],3.22,0.04,1.62,3.28,6.44,4.86,4.45,4.67,4.42,4.45
[21/02/2020 00:00],5.18,0.12,1.62,5.33,8.49,6.91,6.60,6.88,6.68,6.60
[22/02/2020 00:00],5.38,0.07,1.62,5.48,8.64,7.06,7.08,7.11,7.06,7.08
[23/02/2020 00:00],3.78,-0.04,1.62,3.78,6.94,5.36,5.35,5.23,5.30,5.35
[24/02/2020 00:00],1.54,0.14,1.62,1.71,4.87,3.29,2.93,2.84,2.74,2.93
[25/02/2020 00:00],1.49,0.03,1.62,1.55,4.71,3.13,2.67,2.59,2.59,2.67
[26/02/2020 00:00],1.09,-0.05,1.62,1.07,4.23,2.65,2.12,2.35,2.05,2.12
[27/02/2020 00:00],0.90,0.11,1.62,1.04,4.20,2.62,2.18,2.21,1.96,2.18
[28/02/2020 00:00],0.85,-0.04,1.62,0.85,4.01,2.43,1.72,2.13,1.69,1.72
[29/02/2020 00:00],3.10,0.18,1.62,3.31,6.47,4.89,4.52,5.30,4.44,4.52
[01/03/2020 00:00],3.25,0.47,1.62,3.75,6.91,5.33,5.00,5.11,5.07,5.00
[02/03/2020 00:00],1.59,0.05,1.62,1.67,4.83,3.25,3.11,2.97,2.97,3.11
[03/03/2020 00:00],1.03,0.08,1.62,1.14,4.30,2.72,2.42,2.09,2.09,2.42
[04/03/2020 00:00],0.30,0.10,1.62,0.43,3.59,2.01,1.62,1.39,1.40,1.62
[05/03/2020 00:00],0.09,0.02,1.62,0.15,3.31,1.73,1.23,1.27,1.45,1.23
[06/03/2020 00:00],0.42,0.03,1.62,0.49,3.65,2.07,1.82,1.61,2.02,1.82
[07/03/2020 00:00],4.11,-0.04,1.62,4.11,7.27,5.69,5.56,5.44,5.89,5.56
[08/03/2020 00:00],4.21,0.28,1.62,4.52,7.68,6.10,5.94,5.96,6.28,5.94
[09/03/2020 00:00],1.68,0.20,1.62,1.92,5.08,3.50,3.27,3.13,3.47,3.27
[10/03/2020 00:00],4.85,0.23,1.62,5.11,8.27,6.69,6.46,6.24,6.72,6.46
[11/03/2020 00:00],5.27,0.10,1.62,5.41,8.57,6.99,6.55,6.46,6.27,6.55
[12/03/2020 00:00],3.89,0.05,1.62,3.97,7.13,5.55,5.45,5.29,5.19,5.45
[13/03/2020 00:00],1.94,-0.02,1.62,1.96,5.12,3.54,3.21,3.00,2.99,3.21
[14/03/2020 00:00],3.86,0.03,1.62,3.93,7.09,5.51,5.41,5.19,5.14,5.41
[15/03/2020 00:00],4.57,0.23,1.62,4.82,7.98,6.40,6.59,6.32,6.27,6.59
[16/03/2020 00:00],2.86,0.11,1.62,3.00,6.16,4.58,4.33,4.32,4.31,4.33
[17/03/2020 00:00],3.06,0.01,1.62,3.11,6.27,4.69,4.57,4.35,4.36,4.57
[18/03/2020 00:00],2.09,-0.08,1.62,2.05,5.21,3.63,3.44,3.19,3.11,3.44
[19/03/2020 00:00],0.81,0.00,1.62,0.85,4.01,2.43,2.12,1.97,1.98,2.12
[20/03/2020 00:00],0.75,-0.01,1.62,0.78,3.94,2.36,2.07,1.95,1.81,2.07
[21/03/2020 00:00],3.52,0.02,1.62,3.57,6.73,5.15,5.62,5.33,5.31,5.62
[22/03/2020 00:00],3.15,0.34,1.62,3.53,6.69,5.11,5.24,5.22,4.95,5.24
[23/03/2020 00:00],3.74,0.07,1.62,3.84,7.00,5.42,5.22,5.11,4.94,5.22
[24/03/2020 00:00],3.59,0.02,1.62,3.64,6.80,5.22,5.23,4.91,4.95,5.23
[25/03/2020 00:00],1.40,-0.11,1.62,1.32,4.48,2.90,3.02,2.71,2.63,3.02
[26/03/2020 00:00],0.70,0.02,1.62,0.74,3.90,2.32,2.43,2.36,2.05,2.43
[27/03/2020 00:00],1.10,0.10,1.62,1.22,4.38,2.80,3.12,2.74,2.70,3.12
[28/03/2020 00:00],3.58,0.54,1.62,4.15,7.31,5.73,6.46,5.35,6.05,6.46
[29/03/2020 00:00],4.92,0.08,1.62,5.03,8.19,6.61,7.27,6.49,6.99,7.27
[30/03/2020 00:00],1.93,0.20,1.62,2.16,5.32,3.74,3.89,3.59,3.54,3.89
[31/03/2020 00:00],1.23,0.07,1.62,1.33,4.49,2.91,3.07,3.03,2.72,3.07
[01/04/2020 00:00],1.99,0.08,1.62,2.09,5.25,3.67,3.64,4.74,4.74,3.64
[02/04/2020 00:00],6.34,0.18,1.62,6.55,9.71,8.13,7.76,7.84,7.84,7.76
[03/04/2020 00:00],1.23,-0.01,1.62,1.25,4.41,2.83,2.63,2.77,2.77,2.63
[04/04/2020 00:00],3.04,-0.13,1.62,2.94,6.10,4.52,4.58,4.61,4.61,4.58
[05/04/2020 00:00],6.54,2.36,1.62,8.92,12.08,10.50,10.80,10.98,10.93,10.80
[06/04/2020 00:00],4.51,0.49,1.62,5.02,8.18,6.60,6.89,6.96,6.87,6.89
[07/04/2020 00:00],1.91,-0.10,1.62,1.85,5.01,3.43,3.36,3.35,3.38,3.36
[08/04/2020 00:00],0.89,-0.02,1.62,0.90,4.06,2.48,2.36,2.47,2.39,2.36
[09/04/2020 00:00],1.65,0.07,1.62,1.75,4.91,3.33,3.30,3.25,3.31,3.30
[10/04/2020 00:00],3.23,0.17,1.62,3.45,6.61,5.03,5.41,5.30,5.41,5.41
[11/04/2020 00:00],2.35,0.43,1.62,2.82,5.98,4.40,4.71,4.56,4.73,4.71
[12/04/2020 00:00],3.69,0.56,1.62,4.29,7.45,5.87,6.22,6.09,6.24,6.22
[13/04/2020 00:00],5.71,1.32,1.62,7.06,10.22,8.64,9.15,9.10,9.16,9.15
[14/04/2020 00:00],1.47,-0.03,1.62,1.48,4.64,3.06,2.96,3.12,2.98,2.96
[15/04/2020 00:00],1.75,0.15,1.62,1.93,5.09,3.51,3.47,3.57,3.46,3.47
[16/04/2020 00:00],1.60,0.10,1.62,1.74,4.90,3.32,3.33,3.51,3.36,3.33
[17/04/2020 00:00],2.12,0.23,1.62,2.39,5.55,3.97,3.92,4.08,3.92,3.92
[18/04/2020 00:00],2.34,0.25,1.62,2.62,5.78,4.20,4.27,4.29,4.26,4.27
[19/04/2020 00:00],3.71,1.23,1.62,4.98,8.14,6.56,6.58,6.01,5.92,6.58
[20/04/2020 00:00],5.91,1.79,1.62,7.73,10.89,9.31,9.74,9.82,9.74,9.74
[21/04/2020 00:00],6.72,1.29,1.62,8.03,11.19,9.61,10.40,9.03,10.43,10.40
[22/04/2020 00:00],4.16,0.88,1.62,5.08,8.24,6.66,7.13,6.30,7.16,7.13
[23/04/2020 00:00],2.10,0.18,1.62,2.31,5.47,3.89,4.07,3.98,4.09,4.07
[24/04/2020 00:00],1.09,0.12,1.62,1.25,4.41,2.83,2.77,2.71,2.80,2.77
[25/04/2020 00:00],2.16,0.11,1.62,2.30,5.46,3.88,4.12,3.91,4.15,4.12
[26/04/2020 00:00],1.62,0.63,1.62,2.28,5.44,3.86,4.18,4.15,4.21,4.18
[27/04/2020 00:00],0.80,0.29,1.62,1.11,4.27,2.69,2.60,2.51,2.64,2.60
[28/04/2020 00:00],1.07,0.20,1.62,1.30,4.46,2.88,2.58,2.72,2.61,2.58
[29/04/2020 00:00],1.16,0.05,1.62,1.25,4.41,2.83,2.63,2.73,2.74,2.63
[30/04/2020 00:00],1.38,0.66,1.62,2.07,5.23,3.65,3.64,3.44,3.72,3.64
[01/05/2020 00:00],2.74,0.12,1.62,2.90,6.06,4.48,6.47,4.38,4.55,6.47
[02/05/2020 00:00],2.15,0.43,1.62,2.62,5.78,4.20,4.64,4.10,4.45,4.64
[03/05/2020 00:00],2.10,0.33,1.62,2.46,5.62,4.04,4.44,3.86,4.25,4.44
[04/05/2020 00:00],2.04,0.19,1.62,2.27,5.43,3.85,4.13,3.52,4.17,4.13
[05/05/2020 00:00],1.94,0.20,1.62,2.18,5.34,3.76,4.04,3.54,3.73,4.04
[06/05/2020 00:00],1.35,0.17,1.62,1.55,4.71,3.13,3.45,3.32,3.15,3.45
[07/05/2020 00:00],2.74,0.37,1.62,3.14,6.30,4.72,5.17,4.59,4.87,5.17
[08/05/2020 00:00],1.98,-0.09,1.62,1.94,5.10,3.52,3.87,3.65,3.66,3.87
[09/05/2020 00:00],3.88,0.23,1.62,4.15,7.31,5.73,6.31,5.86,5.96,6.31
[10/05/2020 00:00],6.45,1.11,1.62,7.59,10.75,9.17,10.56,9.25,10.06,10.56
[11/05/2020 00:00],3.59,1.33,1.62,4.95,8.11,6.53,7.46,5.71,5.77,7.46
[12/05/2020 00:00],2.46,-0.08,1.62,2.43,5.59,4.01,4.12,4.33,3.82,4.12
[13/05/2020 00:00],2.06,-0.07,1.62,2.03,5.19,3.61,3.69,3.54,4.33,3.69
[14/05/2020 00:00],2.16,-0.19,1.62,2.02,5.18,3.60,3.81,3.62,4.55,3.81
[15/05/2020 00:00],1.87,-0.07,1.62,1.84,5.00,3.42,3.82,3.59,4.80,3.82
[16/05/2020 00:00],2.40,0.01,1.62,2.45,5.61,4.03,4.41,4.37,5.28,4.41
[17/05/2020 00:00],3.64,0.37,1.62,4.05,7.21,5.63,6.30,5.89,7.15,6.30
[18/05/2020 00:00],2.91,0.69,1.62,3.63,6.79,5.21,5.70,4.80,6.46,5.70
[19/05/2020 00:00],1.53,0.28,1.62,1.85,5.01,3.43,3.61,3.24,4.36,3.61
[20/05/2020 00:00],2.13,0.26,1.62,2.42,5.58,4.00,4.09,3.82,4.12,4.09
[21/05/2020 00:00],2.08,0.14,1.62,2.26,5.42,3.84,4.04,3.58,4.03,4.04
[22/05/2020 00:00],16.43,0.69,1.62,17.14,20.30,18.72,20.82,20.07,20.77,20.82
[23/05/2020 00:00],13.75,1.51,1.62,15.29,18.45,16.87,23.39,18.47,24.13,23.39
[24/05/2020 00:00],8.43,1.96,1.62,10.43,13.59,12.01,14.44,12.32,14.51,14.44
[25/05/2020 00:00],4.46,0.66,1.62,5.16,8.32,6.74,9.10,6.61,9.15,9.10
[26/05/2020 00:00],1.87,0.12,1.62,2.03,5.19,3.61,4.06,3.52,4.04,4.06
[27/05/2020 00:00],1.27,-0.08,1.62,1.24,4.40,2.82,3.04,3.01,2.97,3.04
[28/05/2020 00:00],1.39,0.18,1.62,1.61,4.77,3.19,3.48,3.18,3.36,3.48
[29/05/2020 00:00],1.92,-0.09,1.62,1.86,5.02,3.44,3.83,4.15,3.70,3.83
[30/05/2020 00:00],3.57,0.45,1.62,4.06,7.22,5.64,6.53,6.48,6.25,6.53
[31/05/2020 00:00],4.28,1.21,1.62,5.51,8.67,7.09,8.22,7.88,7.97,8.22
[01/06/2020 00:00],2.42,0.26,1.62,2.72,5.88,4.30,5.83,5.10,4.52,5.83
[02/06/2020 00:00],2.24,0.05,1.62,2.33,5.49,3.91,4.15,4.33,4.02,4.15
[03/06/2020 00:00],2.69,-0.27,1.62,2.47,5.63,4.05,4.16,4.47,4.15,4.16
[04/06/2020 00:00],3.26,-0.20,1.62,3.10,6.26,4.68,4.86,4.91,4.82,4.86
[05/06/2020 00:00],7.80,0.01,1.62,7.85,11.01,9.43,9.85,9.99,9.80,9.85
[06/06/2020 00:00],7.90,0.63,1.62,8.57,11.73,10.15,11.30,11.44,11.25,11.30
[07/06/2020 00:00],3.21,0.44,1.62,3.69,6.85,5.27,5.78,6.03,5.78,5.78
[08/06/2020 00:00],1.82,0.01,1.62,1.88,5.04,3.46,3.60,3.79,3.59,3.60
[09/06/2020 00:00],0.73,0.08,1.62,0.85,4.01,2.43,2.61,2.79,2.57,2.61
[10/06/2020 00:00],1.36,-0.12,1.62,1.30,4.46,2.88,2.94,3.17,2.99,2.94
[11/06/2020 00:00],3.46,-0.05,1.62,3.45,6.61,5.03,5.42,5.62,5.50,5.42
[12/06/2020 00:00],3.37,0.40,1.62,3.82,6.98,5.40,5.95,6.19,5.96,5.95
[13/06/2020 00:00],2.30,0.31,1.62,2.65,5.81,4.23,5.01,5.11,5.03,5.01
[14/06/2020 00:00],1.87,0.33,1.62,2.24,5.40,3.82,4.30,4.46,4.32,4.30
[15/06/2020 00:00],0.97,0.29,1.62,1.30,4.46,2.88,3.20,3.25,3.20,3.20
[16/06/2020 00:00],0.52,0.06,1.62,0.62,3.78,2.20,2.32,2.47,2.35,2.32
[17/06/2020 00:00],0.51,0.09,1.62,0.64,3.80,2.22,2.34,2.51,2.45,2.34
[18/06/2020 00:00],1.17,0.11,1.62,1.31,4.47,2.89,2.93,3.14,3.06,2.93
[19/06/2020 00:00],1.43,0.32,1.62,1.78,4.94,3.36,3.60,3.95,3.74,3.60
[20/06/2020 00:00],3.28,0.03,1.62,3.35,6.51,4.93,5.76,5.74,5.86,5.76
[21/06/2020 00:00],6.15,0.44,1.62,6.63,9.79,8.21,9.23,9.92,9.40,9.23
[22/06/2020 00:00],6.07,0.51,1.62,6.61,9.77,8.19,8.59,8.81,8.73,8.59
[23/06/2020 00:00],2.96,0.71,1.62,3.70,6.86,5.28,5.94,6.03,6.02,5.94
[24/06/2020 00:00],0.72,0.28,1.62,1.04,4.20,2.62,2.90,3.05,2.99,2.90
[25/06/2020 00:00],1.11,0.35,1.62,1.50,4.66,3.08,3.30,3.48,3.39,3.30
[26/06/2020 00:00],1.26,0.37,1.62,1.67,4.83,3.25,3.50,3.56,3.59,3.50
[27/06/2020 00:00],3.15,0.40,1.62,3.59,6.75,5.17,5.73,5.98,5.89,5.73
[28/06/2020 00:00],12.66,1.63,1.62,14.32,17.48,15.90,18.39,18.53,18.51,18.39
[29/06/2020 00:00],6.52,1.43,1.62,7.98,11.14,9.56,10.88,11.25,11.00,10.88
[30/06/2020 00:00],1.37,0.85,1.62,2.26,5.42,3.84,4.27,4.43,4.40,4.27
[01/07/2020 00:00],0.49,0.24,1.62,0.77,3.93,2.35,2.84,2.85,2.66,2.84
[02/07/2020 00:00],0.42,0.57,1.62,1.03,4.18,2.61,2.76,2.86,2.92,2.76
[03/07/2020 00:00],1.60,0.47,1.62,2.11,5.26,3.69,4.11,4.25,4.27,4.11
[04/07/2020 00:00],3.44,0.96,1.62,4.44,7.59,6.01,6.52,6.64,6.68,6.52
[05/07/2020 00:00],8.95,1.87,1.62,10.86,14.01,12.44,20.04,14.41,14.54,20.04
[06/07/2020 00:00],5.57,0.96,1.62,6.58,9.73,8.15,8.95,9.04,9.04,8.95
[07/07/2020 00:00],0.87,0.11,1.62,1.01,4.17,2.59,2.54,2.90,2.68,2.54
[08/07/2020 00:00],0.38,0.45,1.62,0.86,4.01,2.44,2.45,2.59,2.63,2.45
[09/07/2020 00:00],0.13,0.89,1.62,1.06,4.21,2.63,2.74,2.92,2.91,2.74
[10/07/2020 00:00],0.62,0.73,1.62,1.38,4.54,2.96,3.27,3.55,3.47,3.27
[11/07/2020 00:00],1.76,0.29,1.62,2.08,5.23,3.66,4.29,4.54,4.56,4.29
[12/07/2020 00:00],1.52,1.18,1.62,2.74,5.90,4.32,4.81,5.08,5.10,4.81
[13/07/2020 00:00],1.21,0.75,1.62,2.00,5.16,3.58,3.83,4.37,4.03,3.83
[14/07/2020 00:00],0.86,0.48,1.62,1.37,4.53,2.95,3.27,3.53,3.46,3.27
[15/07/2020 00:00],-0.01,1.02,1.62,1.05,4.21,2.63,2.65,3.09,2.76,2.65
[16/07/2020 00:00],0.07,2.00,1.62,2.11,5.27,3.69,3.92,4.47,4.02,3.92
[17/07/2020 00:00],-0.30,1.33,1.62,1.06,4.22,2.64,2.77,3.24,2.87,2.77
[18/07/2020 00:00],2.26,0.52,1.62,2.81,5.97,4.39,4.77,5.10,4.88,4.77
[19/07/2020 00:00],1.91,0.55,1.62,2.49,5.65,4.07,4.64,5.28,4.60,4.64
[20/07/2020 00:00],0.58,0.24,1.62,0.85,4.01,2.43,2.80,2.99,2.90,2.80
[21/07/2020 00:00],0.62,0.14,1.62,0.79,3.95,2.37,2.56,2.85,2.63,2.56
[22/07/2020 00:00],0.72,0.27,1.62,1.02,4.18,2.60,2.70,3.15,2.71,2.70
[23/07/2020 00:00],0.54,0.67,1.62,1.25,4.41,2.83,3.01,3.20,3.03,3.01
[24/07/2020 00:00],1.11,0.27,1.62,1.40,4.56,2.98,3.33,3.48,3.28,3.33
[25/07/2020 00:00],3.23,0.48,1.62,3.74,6.90,5.32,5.97,6.07,5.94,5.97
[26/07/2020 00:00],4.30,0.14,1.62,4.48,7.64,6.06,6.71,6.90,6.66,6.71
[27/07/2020 00:00],5.46,1.06,1.62,6.56,9.72,8.14,8.67,8.78,8.64,8.67
[28/07/2020 00:00],12.30,1.50,1.62,13.82,16.98,15.40,16.79,17.06,16.70,16.79
[29/07/2020 00:00],2.85,0.72,1.62,3.59,6.75,5.17,5.65,5.80,5.52,5.65
[30/07/2020 00:00],0.82,0.83,1.62,1.69,4.85,3.27,3.59,3.68,3.49,3.59
[31/07/2020 00:00],2.49,1.24,1.62,3.75,6.91,5.33,5.66,5.84,5.63,5.66
[01/08/2020 00:00],1.47,0.18,1.62,1.69,4.85,3.27,3.91,3.98,3.47,3.91
[02/08/2020 00:00],1.20,0.31,1.62,1.55,4.71,3.13,3.80,3.95,3.51,3.80
[03/08/2020 00:00],0.60,0.62,1.62,1.25,4.41,2.83,3.42,3.46,3.16,3.42
[04/08/2020 00:00],3.98,0.89,1.62,4.90,8.06,6.48,7.09,7.36,6.82,7.09
[05/08/2020 00:00],3.32,0.68,1.62,4.03,7.19,5.61,6.45,6.49,6.48,6.45
[06/08/2020 00:00],1.08,0.40,1.62,1.52,4.68,3.10,3.45,3.35,3.43,3.45
[07/08/2020 00:00],0.77,0.29,1.62,1.09,4.25,2.67,2.88,3.14,2.90,2.88
[08/08/2020 00:00],1.77,0.19,1.62,2.00,5.16,3.58,3.97,4.25,4.05,3.97
[09/08/2020 00:00],2.58,0.23,1.62,2.86,6.02,4.44,4.94,5.19,4.96,4.94
[10/08/2020 00:00],1.26,0.23,1.62,1.51,4.67,3.09,3.37,3.53,3.40,3.37
[11/08/2020 00:00],0.57,0.26,1.62,0.86,4.02,2.44,2.60,2.74,2.60,2.60
[12/08/2020 00:00],0.35,0.14,1.62,0.53,3.69,2.11,2.23,2.25,2.14,2.23
[13/08/2020 00:00],0.74,0.20,1.62,0.97,4.13,2.55,2.71,2.70,2.58,2.71
[14/08/2020 00:00],0.64,0.25,1.62,0.92,4.08,2.50,2.69,2.71,2.64,2.69
[15/08/2020 00:00],1.63,0.14,1.62,1.81,4.97,3.39,3.71,3.81,3.65,3.71
[16/08/2020 00:00],1.83,0.07,1.62,1.93,5.09,3.51,3.84,4.12,3.79,3.84
[17/08/2020 00:00],0.86,0.16,1.62,1.06,4.22,2.64,2.99,3.06,2.94,2.99
[18/08/2020 00:00],0.59,0.13,1.62,0.76,3.92,2.34,2.48,2.65,2.43,2.48
[19/08/2020 00:00],1.05,0.52,1.62,1.60,4.76,3.18,3.35,3.42,3.30,3.35
[20/08/2020 00:00],4.60,0.79,1.62,5.42,8.58,7.00,7.80,7.90,7.76,7.80
[21/08/2020 00:00],5.26,0.17,1.62,5.46,8.62,7.04,8.10,8.13,8.05,8.10
[22/08/2020 00:00],6.02,0.33,1.62,6.39,9.55,7.97,9.49,9.55,9.38,9.49
[23/08/2020 00:00],2.90,0.44,1.62,3.37,6.53,4.95,5.79,5.85,5.72,5.79
[24/08/2020 00:00],0.45,0.35,1.62,0.82,3.98,2.40,2.89,2.81,2.83,2.89
[25/08/2020 00:00],3.18,0.74,1.62,3.96,7.12,5.54,6.16,6.14,6.09,6.16
[26/08/2020 00:00],2.22,0.86,1.62,3.12,6.28,4.70,5.15,5.25,5.15,
[27/08/2020 00:00],0.55,0.08,1.62,0.67,3.83,2.25,2.25,2.36,2.25,
[28/08/2020 00:00],1.81,0.35,1.62,2.20,5.36,3.78,4.18,4.30,4.18,
[29/08/2020 00:00],3.77,0.31,1.62,4.12,7.28,5.70,6.77,6.96,6.77,
[30/08/2020 00:00],3.25,0.37,1.62,3.65,6.82,5.24,5.76,5.79,5.76,
[31/08/2020 00:00],0.59,0.58,1.62,1.21,4.38,2.80,2.97,3.19,2.97,
[01/09/2020 00:00],0.30,0.70,1.62,1.04,4.20,2.62,2.77,3.10,2.77,
[02/09/2020 00:00],2.43,2.29,1.62,4.75,7.92,6.34,6.74,6.84,6.74,
[03/09/2020 00:00],2.50,0.58,1.62,3.11,6.27,4.69,5.00,4.98,5.00,
[04/09/2020 00:00],3.06,0.61,1.62,3.70,6.86,5.28,5.53,5.62,5.53,
[05/09/2020 00:00],3.65,0.28,1.62,3.95,7.11,5.53,6.05,6.06,6.05,
[06/09/2020 00:00],2.02,0.19,1.62,2.25,5.41,3.83,4.16,4.07,4.16,
[07/09/2020 00:00],2.58,0.54,1.62,3.16,6.32,4.74,4.91,4.84,4.91,
[08/09/2020 00:00],2.40,0.62,1.62,3.05,6.21,4.63,4.67,4.71,4.67,
[09/09/2020 00:00],3.59,0.46,1.62,4.09,7.25,5.67,6.63,5.84,6.63,
[10/09/2020 00:00],0.68,0.77,1.62,1.48,4.64,3.06,3.85,3.08,3.85,
[11/09/2020 00:00],5.83,1.04,1.62,6.90,10.06,8.48,9.79,9.03,9.79,
[12/09/2020 00:00],5.29,0.53,1.62,5.87,9.03,7.45,8.76,7.88,8.76,
[13/09/2020 00:00],6.62,0.62,1.62,7.27,10.43,8.85,10.72,9.69,10.72,
[14/09/2020 00:00],1.32,1.59,1.62,2.95,6.11,4.53,5.30,4.32,5.30,
[15/09/2020 00:00],-0.04,3.76,1.62,3.75,6.92,5.34,6.22,5.45,6.22,
[16/09/2020 00:00],0.30,0.73,1.62,1.06,4.23,2.65,3.19,2.76,3.19,
[17/09/2020 00:00],0.45,0.16,1.62,0.65,3.82,2.24,2.75,2.20,2.75,
[18/09/2020 00:00],0.63,0.29,1.62,0.96,4.13,2.55,3.18,2.79,3.18,
[19/09/2020 00:00],2.81,0.08,1.62,2.93,6.10,4.52,5.42,4.85,5.42,
[20/09/2020 00:00],2.17,0.05,1.62,2.26,5.42,3.84,4.56,4.21,4.56,
[21/09/2020 00:00],0.64,0.13,1.62,0.81,3.97,2.39,2.74,2.41,2.74,
[22/09/2020 00:00],1.47,0.45,1.62,1.96,5.12,3.54,3.87,3.73,3.87,
[23/09/2020 00:00],,0.15,1.62,,,,2.86,2.76,2.86,
[24/09/2020 00:00],,0.48,1.62,,,,3.73,3.41,3.73,
[25/09/2020 00:00],2.64,0.07,1.62,2.75,5.91,4.33,4.75,4.80,4.75,
[26/09/2020 00:00],3.04,0.26,1.62,3.33,6.49,4.91,5.70,5.52,5.70,
[27/09/2020 00:00],2.17,0.32,1.62,2.53,5.69,4.11,4.36,4.60,4.36,
[28/09/2020 00:00],1.28,0.93,1.62,2.24,5.40,3.82,4.02,3.85,4.02,
[29/09/2020 00:00],1.19,0.68,1.62,1.91,5.07,3.49,3.58,3.54,3.58,
[30/09/2020 00:00],3.14,0.56,1.62,3.74,6.91,5.33,5.53,5.37,5.53,
[01/10/2020 00:00],1.05,-0.09,1.62,0.99,4.16,2.58,2.25,2.29,2.25,
[02/10/2020 00:00],1.59,0.03,1.62,1.65,4.82,3.24,2.90,2.83,2.90,
[03/10/2020 00:00],2.89,0.34,1.62,3.27,6.43,4.85,4.65,4.56,4.65,
[04/10/2020 00:00],4.17,0.40,1.62,4.60,7.76,6.18,5.71,5.68,5.71,
[05/10/2020 00:00],1.54,0.56,1.62,2.13,5.30,3.72,3.14,3.13,3.14,
[06/10/2020 00:00],1.60,0.23,1.62,1.86,5.03,3.45,3.04,3.18,3.04,
[07/10/2020 00:00],2.23,0.42,1.62,2.67,5.84,4.26,4.11,3.94,4.11,
[08/10/2020 00:00],1.37,0.36,1.62,1.75,4.92,3.34,3.17,2.71,3.17,
[09/10/2020 00:00],3.87,0.35,1.62,4.26,7.42,5.84,5.66,5.47,5.66,
[10/10/2020 00:00],2.89,0.16,1.62,3.09,6.26,4.68,4.61,4.26,4.61,
[11/10/2020 00:00],1.64,0.28,1.62,1.94,5.11,3.53,3.46,3.20,3.46,
[12/10/2020 00:00],1.21,0.21,1.62,1.45,4.62,3.04,2.92,2.69,2.92,
[13/10/2020 00:00],2.01,0.34,1.62,2.37,5.54,3.96,3.64,3.41,3.64,
[14/10/2020 00:00],1.66,0.26,1.62,1.95,5.11,3.53,2.58,3.11,2.58,
[15/10/2020 00:00],0.92,0.34,1.62,1.28,4.44,2.86,1.77,2.34,1.77,
[16/10/2020 00:00],0.66,0.25,1.62,0.94,4.10,2.52,1.49,1.97,1.49,
[17/10/2020 00:00],1.07,0.25,1.62,1.34,4.51,2.93,1.98,2.58,1.98,
[18/10/2020 00:00],1.48,0.27,1.62,1.78,4.95,3.37,2.34,3.17,2.34,
[19/10/2020 00:00],1.29,0.46,1.62,1.78,4.94,3.36,2.13,2.94,2.13,
[20/10/2020 00:00],2.25,0.21,1.62,2.49,5.66,4.08,3.23,3.67,3.23,
[21/10/2020 00:00],2.20,0.10,1.62,2.33,5.49,3.91,3.40,3.21,3.40,
[22/10/2020 00:00],1.38,0.29,1.62,1.69,4.86,3.28,2.77,2.77,2.77,
[23/10/2020 00:00],1.99,0.22,1.62,2.23,5.39,3.81,3.30,3.41,3.30,
[24/10/2020 00:00],7.77,0.67,1.62,8.47,11.64,10.06,9.37,9.61,9.37,
[25/10/2020 00:00],7.46,4.33,1.62,11.82,14.98,13.40,13.66,14.46,13.66,
[26/10/2020 00:00],3.92,0.10,1.62,4.06,7.22,5.64,5.24,5.17,5.24,
[27/10/2020 00:00],2.28,0.25,1.62,2.56,5.72,4.14,3.61,3.59,3.61,
[28/10/2020 00:00],3.77,0.56,1.62,4.36,7.52,5.94,6.55,5.42,6.55,
[29/10/2020 00:00],5.04,0.48,1.62,5.55,8.71,7.13,7.40,6.32,7.40,
[30/10/2020 00:00],5.41,0.54,1.62,5.99,9.15,7.57,7.93,7.03,7.93,
[31/10/2020 00:00],11.85,0.85,1.62,12.74,15.90,14.32,14.41,13.86,14.41,
[01/11/2020 00:00],11.67,0.92,1.62,12.64,15.80,14.22,14.37,13.99,14.37,
[02/11/2020 00:00],4.13,0.85,1.62,5.02,8.18,6.60,6.88,6.54,6.88,
[03/11/2020 00:00],3.66,0.28,1.62,3.98,7.14,5.56,5.88,5.06,5.88,
[04/11/2020 00:00],3.49,0.22,1.62,3.73,6.89,5.31,5.02,4.65,5.02,
[05/11/2020 00:00],3.57,0.36,1.62,3.96,7.12,5.54,4.97,4.48,4.97,
[06/11/2020 00:00],1.16,0.21,1.62,1.41,4.57,2.99,2.68,2.33,2.68,
[07/11/2020 00:00],1.31,0.16,1.62,1.51,4.67,3.09,3.04,2.62,3.04,
[08/11/2020 00:00],2.38,0.41,1.62,2.82,5.98,4.40,4.21,3.66,4.21,
[09/11/2020 00:00],1.77,0.43,1.62,2.24,5.40,3.82,3.47,3.08,3.47,
[10/11/2020 00:00],1.99,0.46,1.62,2.48,5.64,4.06,3.57,3.16,3.57,
[11/11/2020 00:00],7.86,0.53,1.62,8.43,11.59,10.01,9.05,9.00,9.05,
[12/11/2020 00:00],4.85,-0.05,1.62,4.84,8.00,6.42,6.13,5.99,6.13,
[13/11/2020 00:00],5.44,0.86,1.62,6.34,9.50,7.92,6.99,6.95,6.99,
[14/11/2020 00:00],6.51,0.50,1.62,7.04,10.20,8.62,8.12,7.98,8.12,
[15/11/2020 00:00],4.72,1.14,1.62,5.90,9.05,7.47,6.52,6.48,6.52,
[16/11/2020 00:00],5.68,1.73,1.62,7.46,10.62,9.04,7.39,7.33,7.39,
[17/11/2020 00:00],7.41,0.96,1.62,8.41,11.57,9.99,9.11,9.11,9.11,
[18/11/2020 00:00],8.71,0.52,1.62,9.26,12.42,10.84,10.30,10.64,10.30,
[19/11/2020 00:00],3.12,0.63,1.62,3.79,6.95,5.37,4.70,4.37,4.70,
[20/11/2020 00:00],4.40,0.42,1.62,4.87,8.02,6.44,5.79,5.59,5.79,
[21/11/2020 00:00],9.92,0.37,1.62,10.33,13.49,11.91,11.47,11.42,11.47,
[22/11/2020 00:00],5.35,0.56,1.62,5.95,9.11,7.52,6.65,6.55,6.65,
[23/11/2020 00:00],4.28,0.67,1.62,5.00,8.16,6.57,5.71,5.67,5.71,
[24/11/2020 00:00],3.70,0.78,1.62,4.52,7.68,6.10,5.28,5.23,5.28,
[25/11/2020 00:00],1.26,0.28,1.62,1.59,4.74,3.16,2.68,2.43,2.68,
[26/11/2020 00:00],1.12,0.01,1.62,1.18,4.34,2.76,2.28,2.22,2.28,
[27/11/2020 00:00],0.64,0.42,1.62,1.11,4.26,2.68,1.89,1.74,1.89,
[28/11/2020 00:00],0.74,0.18,1.62,0.96,4.12,2.53,2.24,2.19,2.24,
[29/11/2020 00:00],0.85,0.19,1.62,1.08,4.24,2.65,2.37,2.10,2.37,
[30/11/2020 00:00],3.80,0.57,1.62,4.42,7.58,5.99,5.23,4.99,5.23,
[01/12/2020 00:00],1.30,0.17,1.62,1.51,4.67,3.09,2.51,2.48,2.51,
[02/12/2020 00:00],1.70,2.80,1.62,4.55,7.70,6.12,2.49,2.26,2.49,
[03/12/2020 00:00],1.88,0.19,1.62,2.12,5.28,3.70,3.04,2.88,3.04,
[04/12/2020 00:00],4.14,0.35,1.62,4.53,7.69,6.11,5.19,5.11,5.19,
[05/12/2020 00:00],2.61,0.14,1.62,2.80,5.95,4.37,3.78,3.60,3.78,
[06/12/2020 00:00],1.56,0.02,1.62,1.63,4.78,3.20,2.78,2.73,2.78,
[07/12/2020 00:00],3.51,0.28,1.62,3.84,7.00,5.41,4.71,4.65,4.71,
[08/12/2020 00:00],2.47,0.40,1.62,2.91,6.07,4.48,3.62,3.51,3.62,
[09/12/2020 00:00],1.28,0.30,1.62,1.63,4.79,3.21,2.29,2.40,2.29,
[10/12/2020 00:00],2.34,1.22,1.62,3.60,6.76,5.18,3.16,3.15,3.16,
[11/12/2020 00:00],2.34,0.45,1.62,2.83,5.99,4.40,3.51,3.59,3.51,
[12/12/2020 00:00],0.71,0.25,1.62,1.01,4.17,2.58,2.06,2.02,2.06,
[13/12/2020 00:00],5.68,0.18,1.62,5.90,9.06,7.48,6.79,6.83,6.79,
[14/12/2020 00:00],4.86,0.49,1.62,5.40,8.55,6.97,6.20,6.18,6.20,
[15/12/2020 00:00],2.01,0.32,1.62,2.38,5.54,3.96,3.26,3.18,3.26,
[16/12/2020 00:00],5.71,0.42,1.62,6.18,9.33,7.75,6.88,6.95,6.88,
[17/12/2020 00:00],3.46,0.25,1.62,3.76,6.92,5.34,4.39,4.61,4.39,
[18/12/2020 00:00],2.07,0.36,1.62,2.47,5.63,4.04,3.38,3.50,3.38,
[19/12/2020 00:00],4.13,-0.04,1.62,4.14,7.30,5.71,5.69,5.66,5.69,
[20/12/2020 00:00],3.72,0.42,1.62,4.19,7.34,5.76,5.20,5.29,5.20,
[21/12/2020 00:00],1.37,0.34,1.62,1.76,4.92,3.33,2.70,2.65,2.70,
[22/12/2020 00:00],0.79,0.33,1.62,1.17,4.32,2.74,2.15,2.08,2.15,
[23/12/2020 00:00],1.69,0.09,1.62,1.83,4.99,3.41,3.08,3.10,3.08,
[24/12/2020 00:00],2.22,0.67,1.62,2.94,6.10,4.52,3.78,3.60,3.78,
[25/12/2020 00:00],3.23,0.29,1.62,3.58,6.73,5.15,4.59,4.48,4.59,
[26/12/2020 00:00],7.49,0.59,1.62,8.12,11.28,9.70,9.10,9.02,9.10,
[27/12/2020 00:00],2.34,1.08,1.62,3.47,6.63,5.05,4.40,4.31,4.40,
[28/12/2020 00:00],2.06,0.23,1.62,2.34,5.49,3.91,3.54,3.33,3.54,
[29/12/2020 00:00],1.97,0.03,1.62,2.05,5.20,3.62,3.19,3.12,3.19,
[30/12/2020 00:00],1.58,0.11,1.62,1.74,4.90,3.31,2.70,2.72,2.70,
[31/12/2020 00:00],1.44,0.01,1.62,1.50,4.66,3.07,2.59,2.54,2.59,
[01/01/2021 00:00],1.64,-0.02,1.62,1.66,4.82,3.24,2.88,3.01,2.88,
[02/01/2021 00:00],1.13,0.09,1.62,1.25,4.41,2.83,2.36,2.37,2.36,
[03/01/2021 00:00],1.68,-0.03,1.62,1.70,4.86,3.28,2.76,2.69,2.76,
[04/01/2021 00:00],1.20,0.29,1.62,1.53,4.69,3.11,2.31,2.27,2.31,
[05/01/2021 00:00],1.18,0.14,1.62,1.36,4.52,2.94,2.10,2.20,2.10,
[06/01/2021 00:00],1.80,0.15,1.62,1.99,5.15,3.57,2.81,2.78,2.81,
[07/01/2021 00:00],3.90,0.10,1.62,4.03,7.19,5.61,5.03,4.65,5.03,
[08/01/2021 00:00],8.64,0.40,1.62,9.07,12.23,10.65,9.30,9.10,9.30,
[09/01/2021 00:00],0.88,0.27,1.62,1.19,4.35,2.77,2.40,2.04,2.40,
[10/01/2021 00:00],0.85,0.20,1.62,1.09,4.25,2.67,2.35,1.95,2.35,
[11/01/2021 00:00],2.88,0.27,1.62,3.19,6.35,4.77,4.46,4.01,4.46,
[12/01/2021 00:00],3.89,-0.03,1.62,3.91,7.07,5.49,4.97,4.60,4.97,
[13/01/2021 00:00],8.06,0.04,1.62,8.14,11.30,9.72,8.44,8.41,8.44,
[14/01/2021 00:00],1.80,0.12,1.62,1.95,5.11,3.53,2.81,2.72,2.81,
[15/01/2021 00:00],1.46,0.13,1.62,1.62,4.78,3.20,2.53,2.49,2.53,
[16/01/2021 00:00],4.80,0.18,1.62,5.02,8.18,6.60,5.87,5.69,5.87,
[17/01/2021 00:00],2.33,0.45,1.62,2.81,5.97,4.39,3.73,3.58,3.73,
[18/01/2021 00:00],3.30,0.14,1.62,3.47,6.63,5.05,4.35,4.33,4.35,
[19/01/2021 00:00],1.99,-0.14,1.62,1.89,5.05,3.47,2.96,3.01,2.96,
[20/01/2021 00:00],2.65,0.15,1.62,2.84,6.00,4.42,3.84,3.75,3.84,
[21/01/2021 00:00],2.57,0.10,1.62,2.71,5.87,4.29,3.75,3.65,3.75,
[22/01/2021 00:00],2.27,0.13,1.62,2.43,5.59,4.01,3.52,3.31,3.52,
[23/01/2021 00:00],1.21,0.10,1.62,1.35,4.51,2.93,2.43,2.30,2.43,
[24/01/2021 00:00],1.25,0.17,1.62,1.45,4.61,3.03,2.37,2.45,2.37,
[25/01/2021 00:00],0.89,0.12,1.62,1.05,4.21,2.63,2.06,2.03,2.06,
[26/01/2021 00:00],1.04,0.09,1.62,1.16,4.32,2.74,2.05,1.93,2.05,
[27/01/2021 00:00],1.07,0.07,1.62,1.17,4.33,2.75,2.17,2.01,2.17,
[28/01/2021 00:00],1.36,-0.06,1.62,1.34,4.50,2.92,2.47,2.30,2.47,
[29/01/2021 00:00],1.88,-0.24,1.62,1.68,4.84,3.26,2.91,2.84,2.91,
[30/01/2021 00:00],2.17,-0.28,1.62,1.92,5.08,3.50,3.09,3.12,3.09,
[31/01/2021 00:00],0.67,-0.15,1.62,0.56,3.72,2.14,1.80,1.82,1.80,
[01/02/2021 00:00],4.78,0.09,1.62,4.91,8.07,6.49,5.26,5.74,5.26,
[02/02/2021 00:00],2.28,0.14,1.62,2.46,5.62,4.04,3.07,3.23,3.07,
[03/02/2021 00:00],2.55,0.42,1.62,3.01,6.17,4.59,3.76,3.52,3.76,
[04/02/2021 00:00],2.22,-0.14,1.62,2.12,5.28,3.70,3.29,2.95,3.29,
[05/02/2021 00:00],1.99,-0.11,1.62,1.91,5.07,3.49,3.11,2.91,3.11,
[06/02/2021 00:00],2.33,0.05,1.62,2.43,5.59,4.01,3.66,3.47,3.66,
[07/02/2021 00:00],2.19,0.26,1.62,2.48,5.64,4.06,3.42,3.44,3.42,
[08/02/2021 00:00],2.28,0.01,1.62,2.32,5.48,3.90,3.28,3.11,3.28,
[09/02/2021 00:00],1.40,-0.04,1.62,1.40,4.56,2.98,2.25,2.26,2.25,
[10/02/2021 00:00],4.38,0.13,1.62,4.55,7.71,6.13,4.83,4.83,4.83,
[11/02/2021 00:00],0.62,0.47,1.62,1.12,4.28,2.70,1.51,1.47,1.51,
[12/02/2021 00:00],2.01,0.10,1.62,2.14,5.30,3.72,2.87,2.90,2.87,
[13/02/2021 00:00],3.35,0.22,1.62,3.61,6.77,5.19,4.32,4.41,4.32,
[14/02/2021 00:00],3.18,0.13,1.62,3.34,6.51,4.93,4.16,4.28,4.16,
[15/02/2021 00:00],2.80,0.07,1.62,2.90,6.06,4.48,3.67,3.58,3.67,
[16/02/2021 00:00],5.43,0.02,1.62,5.49,8.66,7.08,6.74,6.83,6.74,
[17/02/2021 00:00],7.16,0.14,1.62,7.34,10.50,8.92,7.53,7.56,7.53,
[18/02/2021 00:00],6.96,0.16,1.62,7.15,10.31,8.73,8.34,8.14,8.34,
[19/02/2021 00:00],10.59,0.09,1.62,10.73,13.89,12.31,10.36,10.48,10.36,
[20/02/2021 00:00],10.84,-0.56,1.62,10.32,13.48,11.90,10.76,10.89,10.76,
[21/02/2021 00:00],10.83,0.08,1.62,10.95,14.11,12.53,10.38,10.58,10.38,
[22/02/2021 00:00],2.49,-0.12,1.62,2.41,5.57,3.99,3.17,3.16,3.17,
[23/02/2021 00:00],11.91,0.06,1.62,12.01,15.17,13.59,11.63,11.56,11.63,
[24/02/2021 00:00],7.81,0.12,1.62,7.97,11.13,9.55,8.58,8.70,8.58,
[25/02/2021 00:00],4.76,-0.19,1.62,4.61,7.77,6.19,5.44,5.26,5.44,
[26/02/2021 00:00],1.42,-0.02,1.62,1.44,4.60,3.02,2.40,2.56,2.40,
[27/02/2021 00:00],1.45,-0.07,1.62,1.42,4.59,3.01,2.57,2.59,2.57,
[28/02/2021 00:00],0.78,-0.09,1.62,0.73,3.90,2.32,1.98,2.22,1.98,
[01/03/2021 00:00],1.22,0.21,1.62,1.46,4.63,3.05,2.37,2.82,2.37,
[02/03/2021 00:00],1.58,0.06,1.62,1.68,4.84,3.26,2.62,2.53,2.62,
[03/03/2021 00:00],2.52,0.13,1.62,2.68,5.85,4.27,3.42,3.52,3.42,
[04/03/2021 00:00],0.77,0.05,1.62,0.85,4.01,2.43,1.90,1.64,1.90,
[05/03/2021 00:00],0.20,0.08,1.62,0.32,3.48,1.90,1.41,1.23,1.41,
[06/03/2021 00:00],6.54,0.10,1.62,6.67,9.83,8.25,7.26,7.06,7.26,
[07/03/2021 00:00],2.44,-0.03,1.62,2.45,5.61,4.03,3.45,3.38,3.45,
[08/03/2021 00:00],1.07,0.17,1.62,1.28,4.44,2.86,2.29,2.27,2.29,
[09/03/2021 00:00],3.36,0.14,1.62,3.54,6.70,5.12,4.69,4.68,4.69,
[10/03/2021 00:00],5.37,0.25,1.62,5.65,8.81,7.23,7.79,6.75,7.79,
[11/03/2021 00:00],10.20,0.28,1.62,10.51,13.67,12.09,12.79,11.62,12.79,
[12/03/2021 00:00],6.11,0.09,1.62,6.24,9.40,7.82,8.47,7.44,8.47,
[13/03/2021 00:00],3.13,0.65,1.62,3.82,6.98,5.40,6.23,4.64,6.23,
[14/03/2021 00:00],3.85,0.13,1.62,4.01,7.17,5.59,6.16,5.03,6.16,
[15/03/2021 00:00],6.76,0.30,1.62,7.09,10.25,8.67,9.32,8.16,9.32,
[16/03/2021 00:00],1.89,-0.04,1.62,1.89,5.05,3.47,3.86,3.15,3.86,
[17/03/2021 00:00],1.51,0.01,1.62,1.56,4.72,3.14,3.41,2.80,3.41,
[18/03/2021 00:00],0.66,0.04,1.62,0.74,3.90,2.32,2.45,1.79,2.45,
[19/03/2021 00:00],0.67,-0.02,1.62,0.70,3.86,2.28,2.53,1.78,2.53,
[20/03/2021 00:00],1.24,0.22,1.62,1.49,4.65,3.07,3.41,2.56,3.41,
[21/03/2021 00:00],1.24,0.01,1.62,1.28,4.45,2.87,3.52,2.55,3.52,
[22/03/2021 00:00],0.76,0.02,1.62,0.81,3.98,2.40,2.74,2.01,2.74,
[23/03/2021 00:00],1.71,0.02,1.62,1.77,4.94,3.36,3.74,3.05,3.74,
[24/03/2021 00:00],1.78,0.09,1.62,1.90,5.07,3.49,3.67,3.06,3.67,
[25/03/2021 00:00],2.99,-0.08,1.62,2.94,6.11,4.53,4.73,4.97,4.73,
[26/03/2021 00:00],2.98,0.09,1.62,3.10,6.27,4.69,5.17,5.40,5.17,
[27/03/2021 00:00],4.77,0.05,1.62,4.85,8.02,6.44,7.08,7.46,7.08,
[28/03/2021 00:00],12.02,0.94,1.62,12.99,16.15,14.57,15.75,15.73,15.75,
[29/03/2021 00:00],6.75,0.43,1.62,7.22,10.38,8.80,9.20,9.42,9.20,
[30/03/2021 00:00],3.64,0.07,1.62,3.75,6.91,5.33,5.93,6.20,5.93,
[31/03/2021 00:00],1.69,0.12,1.62,1.83,5.00,3.42,3.62,4.09,3.62,
[01/04/2021 00:00],2.91,0.35,1.62,3.29,6.45,4.87,4.39,4.34,4.39,
[02/04/2021 00:00],2.25,-0.08,1.62,2.21,5.38,3.80,3.73,3.57,3.73,
[03/04/2021 00:00],1.95,0.27,1.62,2.25,5.42,3.84,3.70,3.41,3.70,
[04/04/2021 00:00],7.02,-0.37,1.62,6.68,9.85,8.27,7.51,7.41,7.51,
[05/04/2021 00:00],5.64,1.08,1.62,6.75,9.92,8.34,7.73,7.58,7.73,
[06/04/2021 00:00],2.85,0.19,1.62,3.07,6.24,4.66,4.28,4.07,4.28,
[07/04/2021 00:00],2.41,0.08,1.62,2.53,5.69,4.11,3.67,3.44,3.67,
[08/04/2021 00:00],1.78,0.30,1.62,2.11,5.27,3.69,3.34,3.14,3.34,
[09/04/2021 00:00],1.75,0.42,1.62,2.19,5.36,3.78,3.44,3.18,3.44,
[10/04/2021 00:00],1.46,-0.01,1.62,1.50,4.66,3.08,3.04,2.81,3.04,
[11/04/2021 00:00],1.78,-0.05,1.62,1.78,4.94,3.36,3.23,3.08,3.23,
[12/04/2021 00:00],13.10,0.14,1.62,13.27,16.43,14.85,13.73,13.66,13.73,
[13/04/2021 00:00],2.46,0.40,1.62,2.90,6.06,4.48,4.16,4.03,4.16,
[14/04/2021 00:00],0.47,0.16,1.62,0.67,3.83,2.25,2.05,1.74,2.05,
[15/04/2021 00:00],0.30,0.25,1.62,0.60,3.76,2.18,1.89,1.60,1.89,
[16/04/2021 00:00],0.38,0.24,1.62,0.65,3.81,2.23,2.37,1.74,2.37,
[17/04/2021 00:00],0.27,0.28,1.62,0.59,3.75,2.17,2.55,2.03,2.55,
[18/04/2021 00:00],-0.22,0.33,1.62,0.16,3.32,1.74,2.01,1.69,2.01,
[19/04/2021 00:00],-0.19,0.49,1.62,0.34,3.50,1.92,1.94,1.50,1.94,
[20/04/2021 00:00],0.15,0.21,1.62,0.40,3.57,1.99,2.06,1.75,2.06,
[21/04/2021 00:00],0.80,0.35,1.62,1.19,4.35,2.77,2.73,2.57,2.73,
[22/04/2021 00:00],0.75,0.23,1.62,1.01,4.17,2.59,2.65,2.18,2.65,
[23/04/2021 00:00],0.92,0.07,1.62,1.02,4.18,2.60,2.67,2.43,2.67,
[24/04/2021 00:00],1.78,-0.06,1.62,1.76,4.92,3.34,3.79,3.00,3.79,
[25/04/2021 00:00],1.82,-0.05,1.62,1.81,4.97,3.39,3.81,3.14,3.81,
[26/04/2021 00:00],1.24,0.03,1.62,1.31,4.47,2.89,3.06,2.75,3.06,
[27/04/2021 00:00],1.85,0.18,1.62,2.07,5.23,3.65,3.71,3.30,3.71,
[28/04/2021 00:00],2.17,0.04,1.62,2.25,5.41,3.83,3.87,3.55,3.87,
[29/04/2021 00:00],2.01,0.18,1.62,2.23,5.39,3.81,3.83,3.43,3.83,
[30/04/2021 00:00],1.71,0.21,1.62,1.96,5.12,3.54,3.42,3.20,3.42,
[01/05/2021 00:00],1.28,0.29,1.62,1.60,4.76,3.18,3.08,3.09,3.08,
[02/05/2021 00:00],2.37,0.26,1.62,2.66,5.82,4.24,4.32,4.04,4.32,
[03/05/2021 00:00],3.60,-0.06,1.62,3.58,6.74,5.16,4.85,4.92,4.85,
[04/05/2021 00:00],4.29,1.22,1.62,5.55,8.71,7.13,6.28,6.21,6.28,
[05/05/2021 00:00],2.81,0.09,1.62,2.93,6.09,4.51,4.09,4.07,4.09,
[06/05/2021 00:00],1.46,0.03,1.62,1.53,4.69,3.11,2.92,2.86,2.92,
[07/05/2021 00:00],1.52,0.02,1.62,1.57,4.73,3.15,3.27,2.99,3.27,
[08/05/2021 00:00],7.03,-0.25,1.62,6.83,9.99,8.41,7.97,9.12,7.97,
[09/05/2021 00:00],7.37,0.67,1.62,8.08,11.24,9.66,9.30,8.82,9.30,
[10/05/2021 00:00],3.41,-0.44,1.62,3.19,6.35,4.77,5.43,5.22,5.43,
[11/05/2021 00:00],3.33,-0.20,1.62,3.17,6.33,4.75,4.50,4.29,4.50,
[12/05/2021 00:00],1.61,0.09,1.62,1.73,4.89,3.31,3.42,3.20,3.42,
[13/05/2021 00:00],1.26,0.43,1.62,1.73,4.89,3.31,3.21,3.05,3.21,
[14/05/2021 00:00],1.71,0.54,1.62,2.28,5.44,3.86,3.81,3.40,3.81,
[15/05/2021 00:00],3.38,0.19,1.62,3.61,6.77,5.19,5.21,5.13,5.21,
[16/05/2021 00:00],2.16,0.36,1.62,2.55,5.71,4.13,4.00,4.27,4.00,
[17/05/2021 00:00],1.39,0.33,1.62,1.76,4.92,3.34,3.27,3.29,3.27,
[18/05/2021 00:00],0.74,0.38,1.62,1.16,4.33,2.75,2.64,2.77,2.64,
[19/05/2021 00:00],0.84,0.37,1.62,1.27,4.43,2.85,2.91,2.80,2.91,
[20/05/2021 00:00],3.62,-0.05,1.62,3.66,6.82,5.24,4.76,4.85,4.76,
[21/05/2021 00:00],6.48,0.89,1.62,7.43,10.59,9.01,8.81,8.47,8.81,
[22/05/2021 00:00],3.96,0.73,1.62,4.73,7.89,6.31,6.87,6.23,6.87,
[23/05/2021 00:00],4.12,-0.15,1.62,4.01,7.17,5.59,5.96,6.15,5.96,
[24/05/2021 00:00],5.05,0.24,1.62,5.37,8.53,6.95,4.82,4.77,4.82,
[25/05/2021 00:00],,,1.62,,,,5.62,5.82,5.62,
[26/05/2021 00:00],,,1.62,,,,3.82,3.30,3.82,
[27/05/2021 00:00],,,1.62,,,,2.84,2.30,2.84,
[28/05/2021 00:00],0.47,0.31,1.62,0.82,3.98,2.40,3.03,2.34,3.03,
[29/05/2021 00:00],0.84,0.01,1.62,0.89,4.05,2.47,3.16,2.59,3.16,
[30/05/2021 00:00],3.26,0.08,1.62,3.39,6.55,4.97,4.78,4.97,4.78,
[31/05/2021 00:00],3.01,-0.96,1.62,2.10,5.26,3.68,3.55,3.95,3.55,
[01/06/2021 00:00],2.06,-0.36,1.62,1.74,4.90,3.32,3.30,3.72,3.30,
[02/06/2021 00:00],2.24,0.19,1.62,2.48,5.64,4.06,3.80,4.01,3.80,
[03/06/2021 00:00],1.11,0.10,1.62,1.24,4.40,2.82,2.66,2.98,2.66,
[04/06/2021 00:00],1.65,-0.10,1.62,1.64,4.80,3.22,3.10,3.35,3.10,
[05/06/2021 00:00],1.97,-0.37,1.62,1.67,4.83,3.25,3.84,3.46,3.84,
[06/06/2021 00:00],1.76,-0.29,1.62,1.51,4.67,3.09,3.74,3.54,3.74,
[07/06/2021 00:00],0.54,0.60,1.62,1.17,4.33,2.75,3.18,2.53,3.18,
[08/06/2021 00:00],2.29,-0.22,1.62,2.13,5.29,3.71,4.34,2.12,4.34,
[09/06/2021 00:00],2.04,0.05,1.62,2.13,5.29,3.71,3.85,2.14,3.85,
[10/06/2021 00:00],4.71,-0.26,1.62,4.51,7.67,6.09,6.27,6.28,6.27,
[11/06/2021 00:00],5.81,0.06,1.62,6.05,9.21,7.63,7.72,7.76,7.72,
[12/06/2021 00:00],4.10,-0.26,1.62,3.88,7.04,5.46,6.30,5.79,6.30,
[13/06/2021 00:00],3.43,0.75,1.62,4.23,7.39,5.81,6.49,6.00,6.49,
[14/06/2021 00:00],3.83,0.60,1.62,4.54,7.70,6.12,6.42,5.82,6.42,
[15/06/2021 00:00],2.26,0.03,1.62,2.46,5.62,4.04,4.44,4.09,4.44,
[16/06/2021 00:00],2.02,0.65,1.62,2.93,6.09,4.51,5.07,4.25,5.07,
[17/06/2021 00:00],1.78,0.47,1.62,2.31,5.47,3.89,4.30,3.92,4.30,
[18/06/2021 00:00],2.18,0.01,1.62,2.23,5.39,3.81,4.39,4.06,4.39,
[19/06/2021 00:00],4.01,-1.07,1.62,3.05,6.21,4.63,5.46,5.07,5.46,
[20/06/2021 00:00],3.51,-0.67,1.62,2.95,6.10,4.52,5.08,4.84,5.08,
[21/06/2021 00:00],1.96,-0.58,1.62,1.53,4.68,3.10,3.55,3.55,3.55,
[22/06/2021 00:00],1.16,-0.25,1.62,0.95,4.11,2.53,3.16,3.00,3.16,
[23/06/2021 00:00],1.39,0.17,1.62,1.74,4.90,3.32,3.91,3.46,3.91,
[24/06/2021 00:00],2.57,0.03,1.62,2.64,5.80,4.22,4.60,4.50,4.60,
[25/06/2021 00:00],5.83,-0.58,1.62,5.32,8.48,6.90,7.09,6.73,7.09,
[26/06/2021 00:00],3.53,-0.93,1.62,2.64,5.80,4.22,5.30,4.59,5.30,
[27/06/2021 00:00],2.82,-0.28,1.62,2.58,5.74,4.16,5.08,4.60,5.08,
[28/06/2021 00:00],3.84,-0.03,1.62,3.86,7.01,5.43,5.67,5.26,5.67,
[29/06/2021 00:00],1.44,-0.16,1.62,1.31,4.47,2.89,3.35,3.22,3.35,
[30/06/2021 00:00],1.84,-0.07,1.62,1.81,4.97,3.39,3.85,3.59,3.85,
[01/07/2021 00:00],2.34,-0.40,1.62,1.98,5.14,3.56,3.92,3.91,3.92,
[02/07/2021 00:00],1.77,-0.22,1.62,1.59,4.75,3.17,3.79,3.67,3.79,
[03/07/2021 00:00],3.03,-0.73,1.62,2.34,5.50,3.92,4.64,4.50,4.64,
[04/07/2021 00:00],1.88,-0.58,1.62,1.34,4.50,2.92,3.76,3.76,3.76,
[05/07/2021 00:00],1.65,-0.09,1.62,1.61,4.77,3.19,3.42,3.48,3.42,
[06/07/2021 00:00],2.96,-0.10,1.62,2.90,6.06,4.48,4.51,4.50,4.51,
[07/07/2021 00:00],2.21,-0.42,1.62,1.82,4.98,3.40,3.78,3.77,3.78,
[08/07/2021 00:00],1.90,0.47,1.62,2.40,5.56,3.98,3.86,3.82,3.86,
[09/07/2021 00:00],1.76,0.21,1.62,2.00,5.16,3.58,3.62,3.52,3.62,
[10/07/2021 00:00],1.48,0.71,1.62,2.22,5.38,3.80,4.14,3.92,4.14,
[11/07/2021 00:00],3.71,-0.37,1.62,3.38,6.54,4.96,5.61,5.20,5.61,
[12/07/2021 00:00],1.80,-0.54,1.62,1.30,4.46,2.88,3.40,3.13,3.40,
[13/07/2021 00:00],2.04,-0.53,1.62,1.55,4.71,3.13,3.63,3.52,3.63,
[14/07/2021 00:00],2.26,-0.45,1.62,1.85,5.01,3.43,4.05,3.90,4.05,
[15/07/2021 00:00],2.04,0.05,1.62,2.13,5.29,3.71,4.22,4.10,4.22,
[16/07/2021 00:00],2.37,-0.30,1.62,2.11,5.27,3.69,4.18,4.10,4.18,
[17/07/2021 00:00],4.81,-0.84,1.62,4.01,7.17,5.59,5.99,5.83,5.99,
[18/07/2021 00:00],4.63,-0.26,1.62,4.41,7.57,5.99,6.64,6.40,6.64,
[19/07/2021 00:00],2.44,-0.24,1.62,2.23,5.39,3.81,4.07,3.91,4.07,
[20/07/2021 00:00],1.74,0.03,1.62,1.81,4.97,3.39,3.45,3.44,3.45,
[21/07/2021 00:00],1.61,-0.04,1.62,1.61,4.77,3.19,3.57,3.36,3.57,
[22/07/2021 00:00],1.81,0.00,1.62,1.84,5.00,3.42,3.80,3.51,3.80,
[23/07/2021 00:00],1.80,-0.41,1.62,1.43,4.59,3.01,3.45,3.33,3.45,
[24/07/2021 00:00],2.11,-0.96,1.62,1.19,4.35,2.77,3.44,3.24,3.44,
[25/07/2021 00:00],2.20,0.00,1.62,2.23,5.39,3.81,4.51,4.19,4.51,
[26/07/2021 00:00],1.75,-0.40,1.62,1.39,4.55,2.97,3.31,3.50,3.31,
[27/07/2021 00:00],1.92,-0.52,1.62,1.44,4.60,3.02,3.42,3.40,3.42,
[28/07/2021 00:00],4.76,-0.52,1.62,4.28,7.44,5.86,5.81,6.12,5.81,
[29/07/2021 00:00],4.47,0.61,1.62,5.09,8.25,6.67,6.73,6.85,6.73,
[30/07/2021 00:00],3.72,0.03,1.62,3.78,6.94,5.36,5.42,5.59,5.42,
[31/07/2021 00:00],3.63,1.47,1.62,5.05,8.21,6.63,6.71,7.01,6.71,
[01/08/2021 00:00],3.51,-0.17,1.62,3.38,6.55,4.97,5.54,5.48,5.54,
[02/08/2021 00:00],1.17,-0.32,1.62,0.90,4.06,2.48,2.85,3.00,2.85,
[03/08/2021 00:00],1.73,-0.41,1.62,1.37,4.53,2.95,3.42,3.48,3.42,
[04/08/2021 00:00],2.13,-0.40,1.62,1.77,4.93,3.35,4.73,3.95,4.73,
[05/08/2021 00:00],4.81,-0.77,1.62,4.08,7.24,5.66,6.74,6.00,6.74,
[06/08/2021 00:00],6.79,1.05,1.62,7.87,11.03,9.45,9.91,9.15,9.91,
[07/08/2021 00:00],7.66,0.79,1.62,8.49,11.65,10.07,10.69,9.76,10.69,
[08/08/2021 00:00],9.83,3.86,1.62,13.73,16.89,15.31,14.98,14.22,14.98,
[09/08/2021 00:00],3.85,1.30,1.62,5.19,8.35,6.77,7.60,6.82,7.60,
[10/08/2021 00:00],2.09,0.27,1.62,2.40,5.56,3.98,5.16,4.41,5.16,
[11/08/2021 00:00],2.02,-0.14,1.62,1.92,5.08,3.50,4.34,4.02,4.34,
[12/08/2021 00:00],4.01,-0.82,1.62,3.23,6.39,4.81,5.30,4.96,5.30,
[13/08/2021 00:00],7.62,-2.54,1.62,5.12,8.28,6.70,7.15,6.87,7.15,
[14/08/2021 00:00],7.75,-1.23,1.62,6.56,9.72,8.14,9.09,8.64,9.09,
[15/08/2021 00:00],5.92,-0.30,1.62,5.66,8.82,7.24,7.89,7.50,7.89,
[16/08/2021 00:00],6.77,0.90,1.62,7.71,10.87,9.29,9.26,8.99,9.26,
[17/08/2021 00:00],7.34,-0.53,1.62,6.85,10.01,8.43,6.96,6.67,6.96,
[18/08/2021 00:00],3.14,-0.19,1.62,2.99,6.15,4.57,5.30,4.96,5.30,
[19/08/2021 00:00],2.47,-0.04,1.62,2.47,5.63,4.05,4.74,4.75,4.74,
[20/08/2021 00:00],2.49,-0.06,1.62,2.47,5.63,4.05,4.64,4.59,4.64,
[21/08/2021 00:00],2.97,0.02,1.62,3.03,6.19,4.61,5.50,5.41,5.50,
[22/08/2021 00:00],2.86,-0.15,1.62,2.75,5.91,4.33,5.29,5.23,5.29,
[23/08/2021 00:00],2.04,0.14,1.62,2.22,5.38,3.80,4.57,4.53,4.57,
[24/08/2021 00:00],1.81,-0.06,1.62,1.79,4.95,3.37,4.18,4.22,4.18,
[25/08/2021 00:00],2.41,-0.36,1.62,2.09,5.25,3.67,4.17,4.45,4.17,
[26/08/2021 00:00],2.97,-0.62,1.62,2.39,5.55,3.97,4.45,4.95,4.45,
[27/08/2021 00:00],2.11,-0.68,1.62,1.48,4.64,3.06,3.70,4.01,3.70,
[28/08/2021 00:00],3.37,-1.10,1.62,2.31,5.47,3.89,4.70,5.03,4.70,
[29/08/2021 00:00],4.93,-0.94,1.62,4.02,7.18,5.60,6.62,6.70,6.62,
[30/08/2021 00:00],5.31,-1.20,1.62,4.15,7.31,5.73,6.40,6.44,6.40,
[31/08/2021 00:00],3.11,-0.47,1.62,2.68,5.84,4.26,4.95,4.62,4.95,
[01/09/2021 00:00],2.57,-0.24,1.62,2.37,5.53,3.95,4.33,4.60,4.33,
[02/09/2021 00:00],2.87,-0.03,1.62,2.87,6.03,4.45,4.64,4.91,4.64,
[03/09/2021 00:00],2.43,0.11,1.62,2.58,5.74,4.16,4.38,4.60,4.38,
[04/09/2021 00:00],3.58,-0.80,1.62,2.81,5.97,4.39,5.24,5.65,5.24,
[05/09/2021 00:00],2.77,-1.01,1.62,1.80,4.96,3.38,4.17,4.60,4.17,
[06/09/2021 00:00],15.81,-0.32,1.62,15.53,18.69,17.11,14.54,15.20,14.54,
[07/09/2021 00:00],9.63,0.29,1.62,9.97,13.13,11.55,11.22,11.61,11.22,
[08/09/2021 00:00],3.23,0.27,1.62,3.54,6.70,5.12,4.36,5.18,4.36,
[09/09/2021 00:00],28.83,-0.12,1.62,28.75,31.91,30.33,16.14,28.31,16.14,
[10/09/2021 00:00],2.55,0.68,1.62,3.27,6.43,4.85,3.45,4.84,3.45,
[11/09/2021 00:00],1.07,0.21,1.62,1.32,4.48,2.90,3.90,3.98,3.90,
[12/09/2021 00:00],1.29,0.15,1.62,1.49,4.65,3.07,3.92,4.10,3.92,
[13/09/2021 00:00],-0.07,0.21,1.62,0.18,3.34,1.76,2.42,2.62,2.42,
[14/09/2021 00:00],16.16,0.02,1.62,16.22,19.38,17.80,9.62,16.33,9.62,
[15/09/2021 00:00],22.84,-0.55,1.62,22.34,25.50,23.92,22.14,22.69,22.14,
[16/09/2021 00:00],5.65,0.00,1.62,5.69,8.85,7.27,7.47,8.25,7.47,
[17/09/2021 00:00],0.97,-0.03,1.62,0.99,4.15,2.57,2.96,3.58,2.96,
[18/09/2021 00:00],2.80,-0.14,1.62,2.70,5.86,4.28,4.91,5.67,4.91,
[19/09/2021 00:00],0.32,-0.01,1.62,0.35,3.51,1.93,2.83,3.66,2.83,
[20/09/2021 00:00],1.01,-0.19,1.62,0.86,4.02,2.44,3.63,3.80,3.63,
[21/09/2021 00:00],2.76,0.06,1.62,2.85,6.01,4.43,5.57,5.66,5.57,
[22/09/2021 00:00],4.31,0.51,1.62,4.85,8.01,6.43,7.03,7.67,7.03,
[23/09/2021 00:00],5.93,0.43,1.62,6.40,9.56,7.98,8.51,8.51,,
[24/09/2021 00:00],5.80,-0.35,1.62,5.49,8.65,7.07,8.15,8.15,,
[25/09/2021 00:00],2.64,-0.27,1.62,2.41,5.57,3.99,5.41,5.41,,
[26/09/2021 00:00],5.37,-0.89,1.62,4.51,7.67,6.09,7.34,7.34,,
[27/09/2021 00:00],4.38,-0.79,1.62,3.63,6.79,5.21,6.15,6.15,,
[28/09/2021 00:00],3.93,0.25,1.62,4.22,7.38,5.80,6.41,6.41,,
[29/09/2021 00:00],2.20,0.64,1.62,2.88,6.04,4.46,5.35,5.35,,
[30/09/2021 00:00],3.60,0.80,1.62,4.44,7.60,6.02,6.70,6.70,,
[01/10/2021 00:00],12.84,1.30,1.62,14.18,17.34,15.76,15.29,15.29,,
[02/10/2021 00:00],14.58,-0.71,1.62,13.91,17.07,15.49,14.99,14.99,,
[03/10/2021 00:00],12.31,1.25,1.62,13.60,16.76,15.18,14.31,14.31,,
[04/10/2021 00:00],5.47,-0.37,1.62,5.14,8.30,6.72,7.32,7.32,,
[05/10/2021 00:00],4.83,-0.20,1.62,4.67,7.83,6.25,6.90,6.90,,
[06/10/2021 00:00],9.95,1.35,1.62,11.34,14.50,12.92,12.90,12.90,,
[07/10/2021 00:00],2.61,1.41,1.62,4.06,7.22,5.64,5.73,5.73,,
[08/10/2021 00:00],2.08,0.46,1.62,2.58,5.74,4.16,,,,
[09/10/2021 00:00],1.74,0.01,1.62,1.78,4.94,3.36,,,,
[10/10/2021 00:00],2.51,0.69,1.62,3.23,6.39,4.81,,,,
[11/10/2021 00:00],1.76,0.80,1.62,2.60,5.76,4.18,,,,
[12/10/2021 00:00],6.47,0.54,1.62,7.05,10.21,8.63,,,,
[13/10/2021 00:00],2.74,0.38,1.62,3.17,6.33,4.75,,,,
[14/10/2021 00:00],7.96,0.99,1.62,9.00,12.16,10.58,,,,
[15/10/2021 00:00],2.82,0.59,1.62,3.43,6.59,5.01,,,,
[16/10/2021 00:00],1.46,0.66,1.62,2.16,5.32,3.74,,,,
[17/10/2021 00:00],2.91,1.66,1.62,4.61,7.77,6.19,,,,
[18/10/2021 00:00],,,1.62,,,,,,,
