,2002,2003,2004,2005,2006,2007,2008,2009,2010,2011,2012,2013,2014,2015,2016,2017,2018,2019,2020,2021
,MW,,,,,,,,,,,,,,,,,,,
[01-01],33624,31626,33192,31775,37018,35107,35364,37281,36330,34830,30778,31587,31438,29948,29259,29314,28971,27543,28865,30479
[02-01],41318,37403,36682,33095,39077,42391,42544,40008,38259,36675,33506,37995,35783,32489,29972,32201,34766,34943,30807,31235
[03-01],43058,38882,36655,34781,44814,44209,46422,39529,38959,39142,39185,38249,36471,34359,30748,36256,34397,37192,31809,31267
[04-01],42871,36420,35198,40173,46889,43980,45569,39805,45846,43209,40709,37871,35476,34983,35987,37699,36313,37274,29648,34989
[05-01],37471,36103,40748,41657,47967,43209,39901,45389,46751,43711,40343,34390,34836,39120,36999,39519,36834,34251,29289,35840
[06-01],35558,42659,40515,41335,48039,39704,39270,47195,45987,44607,40379,34118,37880,38785,37281,38731,33524,32640,32653,37110
[07-01],41350,44333,40782,40078,43371,38118,44840,47456,47441,44178,35290,39273,38358,38948,36085,34795,33272,33907,32568,37422
[08-01],42343,45001,40943,35804,42459,43845,45502,46146,47213,38790,34983,39629,39134,38315,37530,33071,38665,34324,33516,37021
[09-01],42536,44525,40459,35241,47331,43713,45620,45962,42873,38271,39504,40231,39250,36954,33588,35758,39087,37120,33952,34026
[10-01],42466,43363,36318,40166,47213,43889,45527,42028,41538,43534,40058,42096,39455,32946,32283,36577,38294,38162,33587,32839
[11-01],41685,38880,34868,41080,46067,44694,45448,39153,46849,43890,39839,41545,35632,33091,38557,35130,38822,36547,28556,33299
[12-01],36659,37775,41179,41121,47113,43534,40804,43609,46692,43481,39907,37807,35754,37762,38176,38286,37648,30370,29191,34891
[13-01],34863,41757,41547,41612,45831,38882,38989,43774,46894,41550,41067,37980,39702,38831,39192,37587,33492,28447,32880,35989
[14-01],40036,41418,42303,41389,41239,38107,44343,44806,46714,40123,38249,43383,40879,39446,39045,35083,32778,35218,33188,35569
[15-01],40546,41102,42565,36696,40112,44125,45278,43842,44539,36217,37220,44030,39883,38353,38934,34057,35314,34573,32774,36196
[16-01],41310,41227,41442,35284,46068,44736,45351,42481,39863,35042,42867,45337,39775,39487,37079,38697,36102,34915,33017,30505
[17-01],40879,40782,37567,41045,46075,44273,45559,37585,37806,41796,43642,45060,39297,37019,36360,39022,36732,36156,33834,29995
[18-01],40832,36425,36597,42243,45814,44419,44110,37216,43327,42672,41832,43806,35370,36355,40658,39230,37210,37851,31470,32711
[19-01],35572,35168,41569,42230,44873,42683,39227,43686,43564,43623,40662,40208,34566,41778,41246,39433,36944,35032,32175,32892
[20-01],34617,41150,41214,41244,44067,38513,37642,44257,44433,44618,40782,39460,40423,42613,41114,38714,35904,34267,35897,32707
[21-01],39391,41347,40888,40686,40532,38664,43541,44587,44234,44519,35814,44272,40586,42808,40223,36049,34825,37691,36506,32556
[22-01],39758,41133,41239,37572,40378,45350,44881,43625,43159,40201,34929,44954,40068,42481,37182,35803,36009,38215,36447,33301
[23-01],40422,41317,40571,36690,47335,47032,43680,43164,39103,38311,40673,45156,40106,41032,33202,40176,34471,38946,36219,32556
[24-01],40321,40859,36171,43052,48189,47316,43485,39444,38101,43035,42307,44743,40279,35854,31533,38732,34188,39325,35695,33402
[25-01],45302,35613,35810,43840,48392,47424,43308,37838,44270,43122,40337,44176,34946,35120,34736,38532,35728,35476,31880,35011
[26-01],35695,34472,42595,43639,48081,46021,38740,43492,45165,42903,40853,38109,34961,38939,35787,40341,37032,30855,30193,36818
[27-01],34087,39490,43355,43383,47726,40368,37730,44138,44660,44507,41048,35400,39682,40064,35805,40117,31449,29781,34278,35157
[28-01],38897,41252,44088,42177,42768,38810,44122,44124,43768,44562,37674,41325,40019,38737,35796,34804,29386,36325,34433,32916
[29-01],39463,42226,44142,37531,41662,44310,44285,43698,42828,41232,37396,40303,40494,40602,34751,34725,34034,38824,33548,31897
[30-01],39555,43338,43037,36270,47785,44906,44480,43249,39870,39732,42836,39317,41595,40186,31399,38352,35843,38989,33197,30146
[31-01],32881,43229,37672,41261,48400,44506,45334,38734,39533,44697,43958,39600,40364,36036,32653,38062,34745,39982,31514,32420
[01-02],39439,38099,35248,41202,49056,44201,44905,39303,44389,43996,43986,39877,35028,35338,34494,36983,35176,38803,27252,35782
[02-02],34208,36333,40360,41624,49534,42831,41128,45272,44221,42929,45095,36683,33601,42203,35199,34775,36318,34395,28955,33544
[03-02],33095,42195,40149,41328,48875,39341,39491,45700,44928,42164,44740,36025,38729,42292,37238,34708,34869,33504,31372,33364
[04-02],39801,43218,39676,40385,43132,39078,44473,45924,43647,40935,41386,39236,39403,41757,36823,32654,33495,36246,33411,33992
[05-02],39207,43212,39225,36792,41071,45589,44265,46027,41922,36569,39454,41046,39330,42276,34984,33968,38787,37672,35481,32602
[06-02],39669,43446,39080,35704,46548,46500,43893,45321,38382,35265,43813,41337,40091,41074,32507,38166,39280,35945,35489,30029
[07-02],40886,40740,35368,41399,46104,47188,43918,40752,38026,40419,44429,42650,38874,37679,30430,37651,38576,34941,33205,30282
[08-02],38842,35542,35320,41486,45667,47635,42385,40286,43869,41978,45920,41541,34028,35338,36204,39049,37630,33277,27711,35649
[09-02],33811,34737,42026,41200,46825,47020,38126,45533,44327,41388,45832,38127,33611,39731,36826,40011,36364,29509,28481,36897
[10-02],32928,41082,42236,41000,46692,41626,37490,45341,44805,41459,44731,36819,39831,41360,37382,40026,33312,31559,32408,37022
[11-02],38356,41381,40732,40167,42079,38750,43304,45479,45238,40556,40981,42426,39834,41629,38119,35939,30491,35810,32992,37275
[12-02],38151,41469,40532,35431,40501,44200,43792,45864,44330,35850,39492,43611,40648,41292,38155,33852,36074,35514,33821,35430
[13-02],39008,42330,39673,35423,44867,44158,44149,43961,39980,35571,42730,43509,39516,39338,34602,35732,37182,33934,34769,32584
[14-02],39669,41915,35592,41691,44690,43941,44992,39701,38657,40748,42087,41542,40272,35666,32754,37541,37384,33802,33495,31575
[15-02],39421,37594,34207,42132,44254,43746,44349,37478,43496,42034,40926,40474,34781,33901,37998,37082,34418,32810,29221,33087
[16-02],34860,36411,39739,42515,44681,43342,40634,41561,43594,41860,40589,36428,33968,38977,37477,34956,34990,29713,27698,31464
[17-02],33671,42616,40764,42164,44034,38758,39869,41803,43835,42074,39436,34807,39520,38296,39134,35590,32255,27387,31462,30915
[18-02],39137,43099,40797,40633,40422,37727,45534,41841,44412,41341,35192,40122,39306,37541,37935,30712,32638,32482,32528,29745
[19-02],39824,43054,40695,36898,40154,43370,46333,41452,43069,38000,35908,40919,39008,38461,36207,30073,36635,33408,33849,29888
[20-02],39658,42561,41073,36776,45882,43470,46335,40680,39321,36947,41191,41492,37150,38584,31634,32410,34474,32401,32515,26009
[21-02],40769,40622,37184,42744,46971,42975,44352,35886,38417,42413,40209,42563,36784,34617,30073,33490,36942,32185,31907,27815
[22-02],38680,36161,36144,43641,48000,43459,42487,35022,43954,42209,39914,42970,32984,34668,35688,33139,37101,31604,27619,31612
[23-02],35092,34426,42260,44079,48376,42107,38084,40500,44386,41126,38502,39185,31925,37733,36963,34085,36419,28260,28385,28121
[24-02],34530,39588,43154,44441,46947,37912,36899,41006,43416,39469,37591,38113,36915,38109,38156,34570,31879,28459,33193,28070
[25-02],39631,39669,42556,43401,41797,37024,43008,40721,42738,38540,34474,42746,37262,39232,38715,30545,31700,32155,33689,29850
[26-02],39438,39517,43121,38592,40932,42320,42373,40618,41401,35289,34005,43134,37669,37653,38344,29160,38617,32172,34095,30448
[27-02],39966,39380,42773,37513,46798,43680,42883,39091,37685,35220,38892,42337,37883,37139,34408,35550,39830,32148,34279,27787
[28-02],39905,38879,38636,43377,47010,42910,43476,35777,36907,41880,38845,41748,38916,33019,33371,36221,39223,34192,34937,27909
[01-03],39253,34669,37250,43639,48003,43064,43363,34983,42101,42437,38579,40924,34837,31164,37401,36334,40131,33733,28126,32335
[02-03],35238,33007,42586,44026,48121,42754,37615,40092,42489,42415,38415,36995,33355,37103,35894,33940,39589,27637,27589,33149
[03-03],33508,39296,42676,43991,47428,37962,36045,41016,42571,43067,38370,36251,38600,37699,36688,36203,36583,27763,33273,34317
[04-03],38958,39594,42415,43283,42491,37955,43000,41824,42553,41753,34095,40226,38785,37742,37242,30966,35156,31444,34165,33735
[05-03],38847,39418,41150,38660,40887,42373,44250,42261,41576,37933,34612,40200,38457,38016,36403,30879,38120,32943,35841,33495
[06-03],39340,38810,40311,37226,46386,42072,44327,40982,37358,36300,39646,40033,37657,35170,33455,35174,37359,32997,36315,30629
[07-03],38142,39082,35767,43040,47437,42214,42918,35556,36791,41264,40278,39859,36035,30436,33425,35160,36767,32076,34033,29754
[08-03],37562,35252,34903,42674,46057,41959,41494,34653,42503,41101,39506,39380,31804,31279,37520,33925,36018,32997,28907,32607
[09-03],33710,32983,40495,42254,45022,40942,37903,40169,42648,40224,39636,36032,30827,37099,38899,32376,36501,27595,26543,30914
[10-03],32908,38326,41172,41742,44770,36773,36733,41126,42435,39609,38481,35368,36123,36482,38322,34155,31372,28237,31920,30556
[11-03],38313,38734,41861,40877,41213,35365,43405,40889,42338,39691,34210,42255,37340,36773,38287,30296,30922,31293,30712,28319
[12-03],38762,39466,42425,36726,41196,40758,42884,39803,41239,36112,32767,43235,37485,36133,36388,29512,36071,32909,30076,28282
[13-03],39495,39807,42461,35839,46913,41335,42907,39296,36350,35071,38094,42341,37335,36869,32275,32077,35623,31437,29999,26447
[14-03],40651,38546,36251,41085,47476,41361,43129,34180,34139,40349,39024,42031,35918,33773,30716,31930,33167,30840,32431,26638
[15-03],40280,34142,34969,41081,46175,41519,41904,33645,39190,40555,38975,40323,30932,33323,34573,32120,33736,30304,28401,30927
[16-03],33988,32747,39494,39722,47726,40693,37832,38469,40142,40571,39005,36700,29544,38855,36531,32347,32579,28858,27423,30259
[17-03],32333,37914,38562,38620,46938,36472,37302,38813,39207,40594,37942,35811,34885,38557,35732,31583,32029,27145,30727,31195
[18-03],38559,38655,38051,37310,42309,35767,42907,38828,38197,39760,34373,40663,35140,37825,35574,28766,33771,33681,30508,31493
[19-03],38746,38377,38796,32876,40252,43089,43773,38790,37654,35602,33340,41152,34701,38159,37050,26872,37092,33313,32215,30442
[20-03],38354,38436,38770,32179,45983,44373,43346,37776,34293,34087,37963,41807,35084,35995,33141,31760,37665,32095,33191,28205
[21-03],37395,37575,34402,37385,46881,44633,42857,33909,33195,38500,37693,41456,34684,32186,31641,31776,35111,32146,30883,27630
[22-03],36585,33118,32951,37872,46355,44582,38122,32304,37823,38283,37699,41242,32048,31460,35223,34869,34407,30980,26028,30176
[23-03],32353,31510,38820,36959,45515,43180,37798,37865,39541,37862,37169,38395,31693,36165,35726,33424,32468,28378,25973,29416
[24-03],31197,36619,39884,36559,44291,38962,37039,39161,38990,37434,36399,37537,36234,36823,36194,32713,32057,25413,28678,29122
[25-03],36770,36971,40042,32062,38498,34660,37939,38729,38922,36831,32255,42449,37741,36825,34712,27953,27178,30035,26768,27939
[26-03],36752,36612,40266,30851,34761,41219,42718,38729,37199,33730,27663,43281,38088,35418,28153,25438,33391,31674,26775,27158
[27-03],36431,36395,39210,28624,42013,41243,43302,37983,33433,28942,35593,42956,37755,35355,27996,32500,33657,32169,26854,24808
[28-03],35399,36083,34808,30577,42188,41103,42358,35173,28994,37523,35657,41778,36854,30564,23854,33019,35158,30863,25711,19868
[29-03],31071,31435,32069,36499,42460,41957,41692,32173,38883,38353,35322,37432,31438,25705,28361,32686,35071,29544,23591,25310
[30-03],29347,29096,37578,38315,42118,41668,37701,38685,39050,38164,34911,36076,26830,34137,33316,30255,31823,27197,20976,26683
[31-03],28107,35336,37471,39374,40535,35922,33726,38564,39739,37053,34469,32784,35366,33578,33732,29101,30403,24173,27974,26949
[01-04],28596,40335,36968,39997,35703,34325,40496,37925,38981,36050,31713,35181,35131,34660,33370,27498,30010,30290,28490,26906
[02-04],33447,37586,36794,34889,35136,39318,40153,37726,35082,31975,30729,38963,35099,35259,32224,26501,30474,32940,28510,25640
[03-04],34206,37187,35719,33986,40796,40832,40599,37120,33548,30967,36095,39832,35638,32509,29198,29534,32385,32973,25468,25592
[04-04],34270,35484,32102,39919,42166,40548,40187,32404,31338,36283,36833,40385,35137,30665,28624,31099,33079,32983,26476,22349
[05-04],33631,30946,30968,40668,42212,39017,38850,31605,31750,36549,37705,39234,30902,28880,33265,30224,31458,30812,23293,23221
[06-04],29885,30498,36864,40931,41845,34166,35810,36601,35612,35598,37226,35154,29077,28833,32060,30406,30036,28461,20561,28514
[07-04],29275,35992,37957,41481,41285,32450,36536,36153,37342,35669,33645,33925,34764,32152,31226,30105,29673,27660,22828,31493
[08-04],34931,37051,37905,41747,36901,30599,42241,35716,36562,34602,32059,38251,33628,32517,33161,25750,29461,30569,24049,28185
[09-04],36048,37711,37254,37736,36450,32049,42372,35810,35611,30352,30330,39189,34104,32145,33013,23588,33508,31167,24161,29478
[10-04],35886,38590,32389,35098,41938,36602,41801,32266,31334,29251,31623,38998,34232,31011,29572,28696,33329,30476,23444,27733
[11-04],36126,36768,31011,39846,42840,37405,41370,30993,30282,34224,34681,39082,33269,26634,27819,28398,33600,31122,21891,27067
[12-04],35361,31960,29284,40213,41504,37431,40509,29738,35730,35009,36122,37967,29406,27361,32247,28619,33880,31342,20658,30659
[13-04],31162,30102,29682,40738,39997,37189,36365,30398,36090,36558,36217,33701,27831,32829,33092,29964,34153,26976,20781,30804
[14-04],30148,34991,33885,41104,35440,32720,35520,34805,36790,36732,35706,30494,32369,31473,32428,27433,27990,27068,20448,30210
[15-04],35334,34675,34926,41097,34083,31394,40291,35138,36941,35450,32426,34624,33138,31857,32915,24112,27512,28639,23595,29952
[16-04],35438,34070,35396,36603,32041,36897,40900,35780,35849,31137,31672,34474,32554,32663,33746,25277,29343,31135,23072,29409
[17-04],35290,32927,35004,35118,33117,37313,40883,35528,31559,29667,36753,35383,32329,31833,29431,26997,28871,29317,22953,25710
[18-04],35368,28473,30795,40518,38299,37544,40466,31391,30627,34401,36648,34565,29430,27442,27880,29539,27966,27843,22941,25311
[19-04],34422,28610,31267,40893,39613,37418,40620,30467,36101,34515,37812,35404,28421,28345,32131,30409,28580,24833,23473,27760
[20-04],30068,27399,36004,41418,39955,37088,36717,35359,35845,34405,37656,31209,27840,32138,32119,30815,28048,23550,20671,28256
[21-04],28529,27938,36544,40379,38935,32594,35280,35668,36597,33593,36607,30716,28165,31671,31124,29843,25125,21504,20916,28059
[22-04],33701,32255,36632,39138,34158,31569,39828,35473,36697,29616,32770,34960,33254,31798,31586,26323,23817,22874,20827,27555
[23-04],33929,33308,35692,34917,33528,37331,39565,35270,35742,28615,31894,34442,33544,31985,32468,25340,27005,26845,21607,26320
[24-04],33771,34462,34310,33618,39243,37888,39538,34112,31128,26986,36987,34720,33531,31416,28162,29799,29898,28130,22770,23309
[25-04],33695,34258,29783,39824,39518,37224,39105,30399,30372,28110,37338,35066,34178,27687,28008,30158,28178,28255,22482,23394
[26-04],33919,30074,28370,40374,39250,37202,38315,29814,35048,32508,37941,34075,29043,27791,32134,31758,27653,27392,21321,27278
[27-04],30118,28847,33748,39837,38942,36248,33358,35832,35153,33182,36960,31104,29117,31905,32081,32289,32009,24876,21098,28897
[28-04],29134,35182,34676,39899,37850,31807,32861,36542,34653,33052,36372,30115,33738,31430,33609,31594,28933,25845,24002,28969
[29-04],34953,34967,35856,38096,33360,30978,37897,35603,35535,29731,32973,33908,33906,32023,33535,26895,27896,29754,26498,29636
[30-04],36333,34716,36570,33687,32562,36060,38798,35824,34335,28050,33056,34855,33606,32262,31319,24022,30799,29340,25309,28771
[01-05],35229,35038,35716,31606,33509,36356,39354,34521,30820,27116,35920,34518,34259,32198,28522,26456,29384,30012,24696,26008
[02-05],34864,35129,30671,32399,38558,36581,38529,30229,30046,28111,36630,34191,33573,28885,26513,30068,29575,29399,23779,24826
[03-05],33936,30140,28274,37774,38147,37083,37226,28499,31182,33389,36602,32833,29421,26887,26888,29898,29571,29943,21670,26113
[04-05],29226,27925,29377,38713,37836,36696,32367,30556,36136,34047,37382,28744,27589,27146,30298,28603,29145,24169,23361,27091
[05-05],27856,28293,35372,38839,36606,32055,31187,34929,36582,34281,36558,27649,28155,30743,29802,27429,23945,25381,23216,28808
[06-05],28957,33303,35861,37520,32826,30337,31915,35053,36152,33449,32702,28543,31748,31449,29498,26441,22594,26930,22628,29205
[07-05],34485,33750,35288,32967,32133,31577,35965,34779,35189,30065,31409,32492,32000,32198,29735,25148,23915,29752,22762,28112
[08-05],34723,33765,34360,32262,37802,36519,36126,33956,31785,28656,32351,32975,33773,32576,25571,29130,27576,30002,22723,25796
[09-05],34869,32968,31134,38445,37933,37776,35851,30467,31222,33253,35445,32702,31253,27657,23923,30677,27783,30362,21160,23639
[10-05],33657,29201,29782,39171,37442,37257,35713,29867,36108,33816,36373,32519,28368,26534,28499,29115,27157,29942,19996,25892
[11-05],28985,28163,34276,38981,37051,37091,31659,33861,36804,33951,35518,29276,27582,29366,30666,29121,26676,25915,20105,26976
[12-05],27661,33759,34768,38467,36346,32745,30514,34569,36870,33823,34318,28969,32662,29591,30480,29851,26153,24250,22304,27831
[13-05],34087,34615,34854,37672,32501,32639,35472,35558,36232,33402,30639,32261,33104,30922,28166,24780,24234,26892,23984,28419
[14-05],33934,34639,34464,33313,31648,37219,35492,35924,35334,29552,29114,34438,32390,32798,28003,23380,26843,26776,24162,28483
[15-05],33715,34170,33534,32001,37733,37854,35609,35468,30832,29064,34212,34706,32250,30869,25221,29053,27380,27103,23645,25664
[16-05],33188,34589,28998,38342,37729,38026,36343,30727,29951,33394,35366,34387,31164,25529,24930,28868,28108,26662,22981,24991
[17-05],32402,30251,27357,38807,37856,37678,36259,30371,34726,34446,35569,33785,27346,25677,29099,31373,27513,28244,21031,27870
[18-05],28506,28666,32727,38697,36847,35965,32489,34532,34968,34177,35713,30217,25877,30982,29452,29621,27556,25746,20226,27577
[19-05],26906,33847,33128,38778,36836,31808,30861,35281,34833,34215,34780,28740,31156,31190,30332,29484,23451,24768,21779,27212
[20-05],32730,34705,33338,37448,33210,30978,36126,35225,35000,33227,31258,33383,32095,31338,29845,25332,22316,27583,22898,27767
[21-05],33441,34664,33420,33098,32600,36333,36655,35101,34151,29293,30336,33738,31615,30530,28322,23705,27234,26780,22452,26782
[22-05],33201,34725,32677,31965,38000,36401,36328,34078,29624,27964,34220,33321,32315,30532,25532,27455,26010,26734,22495,25472
[23-05],33149,33294,28482,37217,38007,36585,36301,29716,28559,32966,33866,33481,31297,26804,25234,29054,26743,26158,19037,24372
[24-05],32637,28732,27159,38212,38258,36686,35580,28041,33753,33271,33794,33525,28411,25367,28808,28480,28354,26020,18056,27581
[25-05],28521,27210,32419,37731,37834,35751,30662,29306,33776,33762,33884,29096,26553,26699,28453,28110,28236,23290,18757,28101
[26-05],28044,27139,33057,37346,37071,31470,29974,32187,33943,33839,32299,26977,28011,29402,30587,26317,22759,21436,19536,28163
[27-05],32828,31712,33264,36620,32281,30918,31072,33506,33651,33101,28111,27510,31806,29675,30219,23846,22138,22626,22249,27093
[28-05],33572,32031,33058,31046,30261,32220,35304,33636,32598,29001,27643,32978,32411,28631,29068,22797,23927,26682,22575,26804
[29-05],33356,31878,32235,29379,31342,36137,36870,32860,29570,27724,32982,33406,32212,29898,25082,25879,27299,27986,21871,23314
[30-05],33269,31351,27928,30459,35691,36880,36026,28664,27090,29693,33326,33050,31715,26168,23326,27398,28937,25655,21012,21276
[31-05],31826,27850,26168,34940,36175,36237,35374,27828,28720,32809,33459,31461,27982,25568,24420,27864,28858,25452,18969,21829
[01-06],26797,27009,26509,36460,36270,35136,31449,33308,33554,33130,33468,27764,26546,29627,27985,26704,28195,22993,18747,24118
[02-06],25258,32251,31445,36210,35003,31163,30845,34122,33010,33466,32756,26962,31493,29864,29309,28217,24890,21571,22224,24927
[03-06],25201,32806,31430,35510,30907,30398,36079,33960,32983,32503,28859,31631,32179,30058,28455,23377,23544,24457,22588,25860
[04-06],25732,33017,31939,31494,29998,35749,36878,33688,32654,28849,28191,31625,32455,30066,29140,22837,28189,28233,23734,25367
[05-06],31044,32607,31412,30884,35575,35948,35999,33537,29507,28450,28167,32236,31225,29515,26070,27731,27987,27000,23998,22294
[06-06],31894,32298,27741,36295,36019,36106,35962,29634,28693,33431,29253,31963,30422,24011,24111,27388,27079,26140,21532,22856
[07-06],31212,27867,26815,36361,36346,36437,35251,28928,33558,33490,32229,31066,27484,23938,28507,25988,27940,27308,20168,25685
[08-06],27430,26865,32672,36268,36272,35742,31147,33710,34321,33370,33088,27457,25974,29572,29717,28043,27943,22985,21443,25180
[09-06],26969,31962,33518,36380,35436,31612,29870,34458,33990,33560,32182,26902,31375,30269,29702,26744,24482,22765,24254,25317
[10-06],32303,32853,33249,35747,30938,30418,35352,34763,33932,33269,28804,31935,30987,29928,29288,23394,23377,28100,24650,26066
[11-06],32813,32639,33157,31476,30479,35966,35557,34030,33129,29430,28731,32498,31164,29544,29816,21255,26681,27499,25776,24769
[12-06],32717,32686,32035,30509,36767,36527,35586,33283,28851,29091,33805,32466,31503,30293,26487,25959,28011,28625,23364,21632
[13-06],33000,31854,27940,36231,37079,36632,35521,29434,28665,33081,34186,31862,31231,27682,25799,28182,26758,29083,23327,21316
[14-06],32628,27701,26720,36718,36487,36834,34693,28363,33471,33615,33977,31251,27725,26232,30114,27564,24865,27639,21037,24765
[15-06],27750,26310,32526,36961,35931,36069,30591,33669,33545,33827,33458,27086,26670,29677,29895,26194,26438,24058,21082,24964
[16-06],26941,32308,33246,37054,35566,31698,29675,34045,33600,33340,32779,27171,30892,29918,29860,26324,23879,22774,23759,25876
[17-06],32425,33103,33034,36348,31610,30419,34770,33902,33565,32868,29384,31989,31059,29969,29730,23363,23403,25654,24526,27332
[18-06],32682,33021,32773,32001,30375,35622,34786,33349,33051,29092,28616,32599,31630,29075,29174,23228,25757,28019,24797,26897
[19-06],32474,33108,31905,30981,35920,36245,35373,32352,28340,28166,33085,32801,31241,29186,25834,28461,27863,28178,25543,24082
[20-06],32621,31680,27932,36461,36246,36067,34829,29021,27723,33579,33077,33274,30406,27140,24663,28861,27020,26227,23634,23905
[21-06],31496,27558,26967,36458,35755,35877,34586,28247,33356,33343,33107,32147,26663,24425,28623,28809,25027,25785,20298,26664
[22-06],27318,27077,31993,36724,35915,35362,31351,33725,33927,33549,33697,27200,26154,29509,28924,28868,25422,22697,19139,26065
[23-06],26087,32451,32760,37021,35455,31174,29456,34455,33855,33582,32385,26490,31069,30174,29731,26232,23253,23066,21548,25555
[24-06],31172,32505,33509,36730,31244,30570,34723,33851,33994,32733,28361,31625,31697,30140,30249,23054,22503,27644,22450,26674
[25-06],32273,32747,32847,31836,30065,35664,35499,33872,33355,29125,28048,32555,31108,30448,28210,22599,27060,28323,23450,25228
[26-06],32125,33102,31927,29706,35826,35513,35052,33609,29244,28353,32694,32335,31242,30106,25256,27451,27698,27439,23714,22638
[27-06],31994,32632,28681,35476,36178,35910,35275,29860,28098,34237,33616,32489,30994,25504,24591,28979,27373,25537,24215,23395
[28-06],31187,27584,27193,36382,36043,35843,34914,28745,33435,33865,33892,31738,27613,25063,27339,28895,27344,24780,20530,26999
[29-06],27155,26413,32018,36582,36064,35128,30544,34116,34403,33103,33830,27498,25937,29566,29792,28657,26387,23346,17561,26987
[30-06],26408,32866,33012,36324,35670,31927,29537,35086,34301,32888,31797,26082,30818,30003,29657,28229,22729,21148,21489,26450
[01-07],32105,33195,33201,35324,31382,30590,34601,35466,33834,32246,28158,30950,31234,31394,28921,23240,23085,24602,24424,26224
[02-07],32857,33117,32923,31237,30579,35573,35476,35412,33295,28676,27271,32109,30541,31549,27202,21713,26620,26456,24804,25802
[03-07],32981,33168,32429,29527,36481,35844,35530,34445,29000,27982,32957,32296,30757,29173,23022,27068,26760,26716,24912,24121
[04-07],32800,32080,28272,35424,37041,35988,35398,29536,27361,32979,33773,31612,30219,25546,23385,28841,27913,25725,22761,23244
[05-07],32607,28044,27383,36295,37376,36413,34465,28458,32711,33462,33720,31489,27359,25502,28807,28220,27908,25582,21616,25729
[06-07],27724,26822,32295,36131,37189,34997,30683,33241,33368,33084,33377,27776,26367,29297,28049,28842,27484,23700,18624,25791
[07-07],26719,32202,32839,36103,35703,30945,30164,33788,33406,32769,33014,27206,30899,28815,28460,28276,24608,22833,22300,26194
[08-07],32423,33080,33216,35296,30932,30039,35150,33650,34180,32512,28967,32006,31699,29567,28737,23983,23621,26642,25366,26380
[09-07],33039,33451,33525,31044,29853,35190,35153,33307,33876,28714,28290,32406,30131,29224,27295,23713,28281,27872,26229,26343
[10-07],32497,33604,32418,30161,35854,35722,36224,32707,29910,28193,32951,32468,31073,28879,24791,28524,27920,27421,26136,24117
[11-07],32396,32193,28505,36403,36099,35825,35237,29200,28083,32972,33567,32093,31079,25187,23363,29835,28295,27339,23894,23264
[12-07],31631,27748,27502,36848,36241,36297,34883,27800,33625,33096,33004,31961,27548,25000,27512,27736,28489,26030,21037,26491
[13-07],27185,26563,32660,36973,36312,35902,30523,33123,33963,32945,33118,28502,26090,30848,29256,27558,28002,23837,20363,26152
[14-07],26007,32539,32874,37360,35103,31042,29674,33713,33909,32966,32568,27450,30112,31236,28480,26473,24089,23166,24145,25610
[15-07],31960,33430,33477,35921,30729,30804,34962,33733,33117,32509,29117,32171,31242,30394,28279,24099,23169,26723,24989,25821
[16-07],32551,33842,33653,30940,30150,35586,35401,34114,31918,28715,27413,33015,31421,29982,28227,23500,28294,26982,25715,24749
[17-07],32075,33808,32873,30081,36407,35841,34944,33141,28390,27843,32809,33340,31934,28116,24420,26597,28309,27147,24880,22291
[18-07],32268,32269,28966,35819,37407,35829,35173,28544,27582,32421,33106,33354,30627,24132,23714,27543,28575,26436,24109,22242
[19-07],31708,28168,27514,35708,37493,35877,34792,28091,33298,33191,32705,32346,28656,24206,28537,28759,28008,27155,21908,26404
[20-07],27355,26610,32470,35856,37767,35776,30192,32602,34621,33586,32892,28326,27128,29733,29448,27635,27792,22160,20778,26887
[21-07],25857,31790,33174,35956,36667,31516,28903,33954,34179,33310,32511,27017,31391,28939,29735,26729,24409,21787,23310,26893
[22-07],31034,32342,33389,35327,32491,30113,33895,33139,33538,32138,28415,32498,31882,30054,29406,24289,23356,24825,24267,26538
[23-07],32070,32444,33593,31028,30465,35081,35148,33169,32561,28068,26638,33569,31518,29355,28872,23822,28118,26835,24293,25515
[24-07],31485,32279,32125,30138,35738,35066,35581,32313,28896,27200,31544,32787,31647,30543,25215,26797,28368,27535,24411,23067
[25-07],31583,31630,27718,35158,36686,35143,35312,28575,27979,31921,32774,32680,31242,25001,24883,27753,27686,27921,24250,22906
[26-07],31029,27257,26787,35178,36997,35272,34517,27577,32971,32454,33081,31704,27795,25684,27357,27287,28155,27972,21867,25415
[27-07],26931,25801,31723,35777,36768,34274,30563,32279,33377,32398,32966,28326,26205,28867,28508,26363,28043,24661,20190,26331
[28-07],25758,30642,32291,36102,35833,30305,29501,32439,32826,32643,31797,26257,30581,29060,27993,25949,21209,22997,23646,24730
[29-07],31110,31599,32483,34845,31660,29123,34858,33170,32544,31736,27780,30716,30318,29014,28797,23692,22310,25792,21773,23522
[30-07],31693,31442,32735,31103,29908,33654,34821,32153,32070,28041,26546,31353,30042,28885,28127,22573,26687,26325,23530,25267
[31-07],31597,31360,31955,29684,34582,34220,34447,31912,28368,27159,30886,31770,30779,27865,24427,25864,25537,25803,24104,22840
[01-08],31175,30835,27957,34632,34589,34530,35413,28682,27594,32183,32124,32122,30610,24842,23051,26531,25799,26327,23682,22713
[02-08],30381,26633,26703,34943,34595,34615,33783,27447,32109,32971,31731,30972,26891,24097,28418,27542,27101,25987,22159,25350
[03-08],26722,25658,31796,34743,34520,33974,30158,32177,32331,32814,31936,26610,24828,27749,29146,25831,27831,23729,20950,25286
[04-08],25699,31237,32773,34915,34127,30380,29395,33246,32237,32617,31330,26390,29503,27473,26356,25159,23797,23136,24005,24771
[05-08],30628,31896,32519,34542,30846,29793,33633,33343,31699,31372,28242,31299,30518,29077,26851,23266,22857,25501,23810,24866
[06-08],31284,32148,32676,30439,30195,34374,34654,33595,31575,28092,27856,31150,30667,28794,27259,22414,26899,25694,23854,23613
[07-08],31642,32307,32141,29264,35189,34629,34962,32603,28551,26697,31822,31226,30541,28800,23493,27171,27923,25171,26265,22032
[08-08],31390,31746,28347,34769,35420,34550,34825,28621,27694,31156,32303,31223,30578,24988,20874,28414,26825,26254,25389,21307
[09-08],31009,28140,27826,35692,34833,34715,33700,27914,32221,32191,32549,30441,26045,24553,25424,27516,27435,25020,22545,24938
[10-08],27238,27424,33868,35970,34648,34308,30309,33019,32727,32072,32228,27371,25788,29234,27217,26805,26495,21586,21784,25285
[11-08],26096,32802,33858,36118,34277,30845,28892,33534,32416,32825,31688,25968,28012,30038,28301,26201,23690,21627,25870,25282
[12-08],31088,33353,33423,35314,30738,29722,33860,33932,32576,32714,27900,30375,29078,29891,27481,23854,24068,26112,26881,24980
[13-08],33231,32836,33541,31474,30344,34570,34855,33681,32123,28893,27532,31385,29796,30876,25818,23074,27492,25985,27127,23641
[14-08],32334,32303,32587,30117,35554,36080,34731,32842,28787,27813,32365,31992,31207,30965,23858,27384,27613,28070,26842,22462
[15-08],32533,31453,28538,35507,35975,35768,34744,28543,27430,32614,32748,32049,30430,25599,24724,26884,26655,24885,26392,22538
[16-08],31600,27432,27587,36417,36140,35252,33973,27741,32281,32853,32749,31541,25867,25612,27476,26680,26793,25882,24124,24939
[17-08],27814,26458,32944,36458,36507,34993,30094,33055,33262,32980,32341,27328,24270,29451,27780,27008,25528,20820,23735,26094
[18-08],26660,32072,33501,36972,35876,31642,29691,33941,32815,33499,32234,26273,29776,30318,28210,25551,23480,20335,26250,26004
[19-08],32017,32040,33616,35887,31715,30832,35059,34123,33001,32515,29153,31137,30723,30442,28982,21885,23575,24605,25913,27061
[20-08],32632,32070,33289,31227,30496,35665,35266,33671,32149,29206,28659,32132,31158,30712,28543,23698,28770,26096,26770,26855
[21-08],32318,32378,32864,30141,35606,36482,35323,32391,28701,28220,32853,32208,30898,29631,23264,28843,28245,25784,23208,24869
[22-08],32238,32244,28300,36182,36123,36322,35395,28860,28178,32765,33088,32915,30364,26798,23094,28971,28073,25445,22504,23704
[23-08],31740,28212,27279,36107,36842,36023,34270,27908,32537,33632,32074,32236,26790,25196,28241,28421,27492,25249,20272,26448
[24-08],27347,26504,33201,36526,36288,35260,29921,33444,31740,33328,32840,28630,26057,30772,28903,27774,25383,22873,22071,26433
[25-08],25778,26898,33700,36020,35311,31304,28692,33486,33417,33505,32344,26881,27736,30173,29628,27180,23050,22659,25395,26746
[26-08],26495,31992,33530,35285,31404,29575,29623,33740,33574,33105,28759,27984,30817,29682,30958,24318,24034,24085,24471,26014
[27-08],31747,32547,33254,31288,29662,30514,34730,33540,32268,28971,27212,31885,31089,29236,27424,22734,23794,27892,24919,26146
[28-08],32570,33049,32759,29608,30628,35397,35412,31555,28027,27215,28268,32483,30937,28352,25606,23029,28086,27855,27364,23207
[29-08],33099,32022,28365,30768,35061,35889,35575,27677,26432,28451,32070,32307,29952,25693,24693,28308,28102,25535,24724,22510
[30-08],32501,27769,26937,36072,36155,36003,35290,27458,28209,32899,33106,31511,26852,25913,24317,28905,28045,24289,21722,24103
[31-08],27679,26758,27535,37616,36867,35429,31238,28700,33042,33673,32788,27369,26322,27536,27439,28407,26650,21559,22318,26512
[01-09],26297,32031,32404,37294,35783,31660,30666,32888,33757,33260,32395,26251,31910,30079,28282,27356,24013,21361,23550,27121
[02-09],32158,33040,33295,35994,32249,30797,34847,34168,33641,32904,28645,31198,32223,30559,28148,24215,23157,25554,25594,27244
[03-09],33291,33151,33449,31623,30978,35728,35612,33487,33138,29696,28560,33213,32529,30877,28654,24108,28165,26424,25490,26864
[04-09],33041,33214,33045,30961,36500,36301,35317,32483,29168,28982,32739,33089,32631,30276,25765,29186,29049,25119,25449,24205
[05-09],33214,32606,29406,37150,37535,36955,36092,29126,27973,33031,33334,33399,32094,26752,24720,29409,28689,25476,24951,23308
[06-09],32617,28247,28400,37294,37450,37124,36315,28475,32464,33657,33027,32769,28593,25597,29764,27976,29058,25652,22112,26966
[07-09],28007,26919,33988,36789,36544,36214,31690,34001,34003,33492,32709,28269,26825,30710,30636,28723,26814,23947,23437,26831
[08-09],26709,32598,34098,37207,35788,31914,31041,34708,34604,34190,32427,27987,31394,31847,30811,27877,25372,23347,25976,27129
[09-09],33287,33071,33673,36880,31441,30847,36060,34527,34387,33891,28994,33041,32158,31411,28224,25029,22995,29006,26164,27845
[10-09],33036,33614,33985,33047,30780,35714,36839,34225,33333,29705,27805,32752,32160,29996,27589,24182,26999,27904,25656,27662
[11-09],32843,33760,33852,31728,36745,36532,36058,33674,29498,27987,32815,34121,32341,29375,26281,26661,27767,26495,26654,23600
[12-09],33266,32542,29466,36652,37633,37035,36102,29669,28526,32866,32660,33947,31730,26325,23083,27663,28547,27231,25184,24131
[13-09],32503,28275,28170,36923,37865,36760,36150,28704,33081,33047,33414,33648,28254,26613,28293,27536,27633,26264,21802,27318
[14-09],28261,27046,33300,37247,38355,35823,31834,33820,33331,33803,33304,29719,27092,31421,30625,28350,27476,22562,20927,28290
[15-09],26955,32550,33976,38110,36778,31796,30732,34799,33107,34363,32011,28411,32092,31932,29974,28974,24959,23278,25912,27413
[16-09],32462,33229,34041,36291,32742,30680,35941,34571,33953,33471,28885,32332,32489,32585,30841,26623,23368,28573,27430,27101
[17-09],24263,33371,34211,32492,31685,36324,37063,34955,33574,29569,28254,34652,32681,31773,28834,26166,27758,27250,26651,26114
[18-09],33515,33677,34221,31864,36689,37399,37002,34307,30412,29198,32745,33896,32787,31593,25786,30255,26764,28200,26053,24196
[19-09],33390,33041,30014,37006,36461,37596,36720,30419,29236,33634,33132,34474,32929,27643,25458,30292,26644,27960,25037,24001
[20-09],32536,28841,28661,37000,36928,37421,35946,29095,33900,34414,33697,33636,29146,27216,30631,30090,28812,26426,22473,26347
[21-09],28019,27478,34103,37638,37502,37027,32016,33732,35075,34113,34360,30036,27240,31917,31030,30247,25786,22538,23200,26455
[22-09],27134,33435,34416,37304,37122,32880,31019,34266,34730,34266,33951,29109,31822,32109,30475,28822,26845,24881,26730,25337
[23-09],32535,33740,35390,36826,32356,31830,36476,34816,34984,33472,30050,33974,32591,31549,29664,25719,26053,27523,26757,25496
[24-09],33309,34132,34872,32637,31815,36975,36759,34690,33867,29871,29904,34520,32141,30448,27916,25459,28983,28643,28371,25326
[25-09],33478,34339,34178,31750,37340,37665,37144,34049,30413,28974,34567,34539,32226,30583,23959,30992,28596,29102,27616,25185
[26-09],33636,33814,30794,37225,37619,38260,37179,30256,30474,33993,34719,34092,31362,27862,23794,30666,27991,26872,25231,22896
[27-09],33209,29505,29501,37648,37781,39203,35959,29404,36276,34456,35575,33090,28653,26940,30338,29790,27961,26825,23747,24839
[28-09],28859,28541,34972,38075,37926,39024,31994,34334,36731,34273,35201,29283,28025,30923,29537,29714,28503,23956,24825,27176
[29-09],27560,34132,35253,38235,37557,34477,31298,35158,36523,34558,33878,27828,32922,31422,28741,29303,24721,24528,29175,26198
[30-09],33014,34933,35411,38218,33052,33071,35999,35296,36055,33857,29860,32831,32433,31255,27823,26949,25189,29379,28693,27579
[01-10],33985,34804,35701,33022,32334,38747,37072,34942,35170,29996,29365,33437,32702,31811,29020,25474,29212,29112,28572,25252
[02-10],34131,35308,34625,32594,37425,39424,36621,34502,31439,28946,34083,34316,32644,31346,27748,27445,28648,28934,28938,25673
[03-10],33716,34102,30640,39045,37863,39407,37621,29957,30888,33408,34534,34363,31170,29182,25968,28837,30132,30904,28747,23283
[04-10],32962,30086,30501,39316,38017,38674,37201,29956,35463,33894,34753,33660,28769,27968,29746,29939,29671,29125,26933,27847
[05-10],29198,29617,35176,39649,38939,38015,34046,35823,35392,33815,35200,29903,27764,32330,29804,28485,30130,26832,26488,27608
[06-10],27913,35296,35502,40077,37798,33981,33309,36438,35459,33398,34953,28473,32959,33166,28911,29942,27588,24908,29316,27929
[07-10],33731,36049,35725,38650,33157,33162,38193,36565,35696,33652,31072,33377,33775,32917,30836,26496,25603,29555,28654,28177
[08-10],34429,36255,36080,34376,32570,38626,38331,36327,34812,31230,30746,33713,34130,33203,32176,27215,29009,27849,28109,28430
[09-10],34504,35535,35350,32948,38082,39793,37926,36099,30903,29813,35917,33470,33510,32582,28745,31261,27796,28451,29346,25446
[10-10],35025,34724,31861,38507,39058,39616,37950,31904,29786,33988,36496,33770,33177,29580,27492,29809,28875,28306,28324,24386
[11-10],34578,30224,30602,39559,39262,39255,36464,30485,34709,34657,36555,34105,30434,28288,31769,29423,29085,28390,26292,27765
[12-10],30579,29356,36192,40171,38619,38829,33022,35834,36306,35675,36400,30772,29916,32815,32175,29511,28014,27376,26204,29304
[13-10],30502,35142,37909,39795,38300,34499,32095,36988,37032,35588,34747,30703,33930,34099,32105,28705,25201,27620,31176,29220
[14-10],36157,35641,37414,39136,33955,33229,37197,37200,37587,34303,32210,35700,34967,34135,32234,26407,27198,31643,30190,28111
[15-10],37427,35843,37537,34233,32812,38574,38362,37194,36633,31108,31442,36177,35120,35011,31976,25318,31618,31234,29713,28939
[16-10],37313,36115,37010,33180,38879,39765,38289,35826,32303,30649,36416,36093,34516,34459,28887,29601,30992,30196,30572,27002
[17-10],37446,35660,33071,39050,39660,39734,37847,32571,31945,34928,36082,35496,33201,30719,27204,29679,31595,30728,30899,25768
[18-10],36963,31486,32154,39827,39611,40604,37988,32064,36650,35744,36129,35026,28469,30402,30897,32772,31200,30340,28266,26212
[19-10],32901,30912,37024,40540,39487,40002,33539,37218,37559,36841,36149,30955,26926,34794,31693,32292,30156,27261,28188,
[20-10],32689,36818,38186,40046,38723,35907,32618,37766,38493,37687,36332,29783,32884,34201,32756,30594,26633,27042,29214,
[21-10],37648,38502,38547,39967,34174,34703,37745,37944,38558,36347,32408,34703,32549,34115,33415,25787,25407,31899,29004,
[22-10],37297,39373,37751,35458,33764,40760,38384,37773,37628,31903,31696,34824,34834,32917,33048,25264,29140,31548,30910,
[23-10],37246,39037,37322,34587,39307,41035,39113,36879,33537,30486,36830,34137,34520,33909,29367,31917,29019,31670,29603,
[24-10],38041,38424,33120,40493,39648,41899,38759,32299,33043,34573,37040,35397,34120,29975,28003,30980,29626,31794,29718,
[25-10],36653,34423,31059,40108,40728,42004,37742,25015,38994,35887,36549,33844,29442,23808,33825,29897,31140,31520,26455,
[26-10],32311,29219,36451,40264,39521,40870,34514,30698,38965,36289,36703,30166,22238,33795,34108,32180,29940,28625,20346,
[27-10],27761,38207,37160,39215,39549,36295,27846,36773,36863,36997,36708,23603,32702,34803,32711,30473,28849,21495,29199,
[28-10],36748,38951,37875,38534,35313,29240,39131,36641,36922,35856,33836,34016,33295,34876,32055,26156,23161,33258,30836,
[29-10],38168,38761,37091,34553,28431,40173,41092,36663,36104,31944,27718,35182,35145,34413,32483,19371,34147,33153,29869,
[30-10],38212,38765,36648,28258,39501,41048,41814,35384,32942,25304,37976,35759,34467,34024,30170,33286,35314,32682,30530,
[31-10],37825,37922,32708,39853,39901,40681,42051,31919,27370,35758,38058,35475,32042,30023,23441,32774,34455,33388,29500,
[01-11],37165,33937,27630,40583,41941,40699,41057,31395,37760,36631,37718,35577,28264,30312,32774,32517,34370,32291,25221,
[02-11],32879,33203,37681,41157,43134,39977,38096,36547,37285,36647,38401,31896,28671,35425,34317,34214,33253,28638,24948,
[03-11],31389,38163,38645,40747,42771,35763,36729,37560,37617,36754,37541,30940,34925,36414,34392,33284,27628,28643,28173,
[04-11],37017,38737,38246,40249,38170,35371,41441,38292,37131,36745,34864,36874,36668,36163,35549,29295,28841,32684,31554,
[05-11],37810,37867,37829,36643,36782,41055,41695,38590,37072,33179,34926,37921,36734,35563,34991,28723,33260,32963,32511,
[06-11],38346,38240,37677,35789,42567,41656,41620,38377,34019,32807,39190,38064,36636,34109,30006,33876,32260,34785,32440,
[07-11],38559,37302,33814,40885,43527,41446,41540,34357,33760,38816,39848,36996,35176,30330,30376,34466,31997,33731,31554,
[08-11],38793,34304,32903,42161,43055,41360,39625,34501,39665,39176,38829,37691,32309,29516,35846,34894,32551,34096,29040,
[09-11],33615,33464,40428,42242,42801,41387,35622,40276,40343,38490,38341,34754,32332,33172,38452,34107,31646,32630,28762,
[10-11],32801,38326,39025,42579,42855,37003,35544,41337,41328,38188,37567,33682,36802,33291,37851,31964,29349,30711,31241,
[11-11],37690,39125,39462,41214,37625,36128,41419,40643,40538,37565,34562,38033,35979,33649,36386,31683,28958,33034,30823,
[12-11],38847,38599,39702,37307,36806,43241,41057,39498,38929,33700,34229,37792,35735,33367,35659,29063,31847,33907,29128,
[13-11],38982,38821,38553,37197,41606,43699,41767,38864,35256,32350,39133,38236,35874,32909,32587,36415,31845,35495,28774,
[14-11],39040,38252,35259,43338,42539,43821,41986,34024,35587,38414,38165,37665,35612,31622,31548,36197,31610,35291,28727,
[15-11],37910,33784,34789,43544,42439,44419,39747,33549,41294,38681,38434,38657,33454,29204,35111,35962,32905,34731,26673,
[16-11],33978,33228,40142,44327,42742,44303,35335,38196,41796,39831,39148,34769,32744,33351,34875,33887,33583,32352,25756,
[17-11],33036,39576,39824,45726,42861,39445,35281,38324,41173,38611,38739,34325,36942,35129,33336,34408,29285,32075,29267,
[18-11],39001,38830,39247,46051,38757,39395,41587,39030,41223,37590,34597,38773,37348,34074,35111,31327,29160,35540,28887,
[19-11],39911,38637,40467,42060,38102,44409,40879,38016,40703,34264,34271,39737,37846,35196,36400,32019,34254,37302,28469,
[20-11],40173,38797,40755,41220,42993,45062,40751,37411,36952,34360,38614,40046,38420,35236,34042,35103,35622,35595,31186,
[21-11],39774,38617,37844,47305,43821,44137,40285,34093,35980,39225,38708,40050,37453,33071,33541,33955,36699,36163,31605,
[22-11],38808,35543,36390,47951,44756,43987,40234,33083,41363,39451,39879,40166,33801,34406,37424,32931,38130,35146,26656,
[23-11],34783,35108,39761,47933,43244,44492,37845,38692,41878,39414,38650,36799,33684,38549,37311,33307,37187,31389,27841,
[24-11],33749,40420,40144,47251,43114,41054,37780,39376,42799,38602,38573,35941,38904,37763,38174,35472,32992,31484,31465,
[25-11],39641,40745,40176,47710,38366,39034,42908,39156,43431,38027,36449,40821,40351,37315,37281,32200,32096,34602,30424,
[26-11],39768,40597,39994,42940,37521,44754,43760,39719,43700,34397,34460,41295,40139,37509,36605,31712,36693,34256,33032,
[27-11],39798,41113,39326,42016,42418,44804,43429,39855,40216,33062,39811,40399,39358,35074,34511,35191,36677,34685,33606,
[28-11],39414,40549,35593,48075,43050,44118,42151,36604,40362,39342,40152,40412,37527,32406,33257,36499,34139,34260,33870,
[29-11],38994,36190,35080,48988,43434,43847,42740,35515,45419,38794,41010,38161,33840,31576,37551,37186,32986,35500,30805,
[30-11],35043,34661,40963,48906,43363,43193,39807,41431,45717,39076,42201,35544,33028,37468,39259,37446,32431,33666,30792,
[01-12],33520,40803,41987,47286,42914,38632,39221,43095,45913,39823,42574,35500,38815,36711,39312,37850,31794,32988,32216,
[02-12],39320,40519,42191,46173,38173,38581,44518,42523,46556,39972,38427,40231,38651,35817,39128,34649,29659,37042,34182,
[03-12],40000,40766,42351,41650,37603,43886,45396,42197,46743,34874,38084,40740,39996,36700,39368,32810,33957,36344,34679,
[04-12],40411,40957,42314,40641,43443,44447,45656,42077,41850,35223,41628,40349,41208,34703,35026,36727,37114,36216,35847,
[05-12],40682,40212,37298,46549,43569,43271,44908,36657,40799,41116,42345,40299,39609,31657,33656,36251,37109,35063,34296,
[06-12],40530,36525,35731,47626,43960,43874,43743,34682,47124,41886,43294,40740,36040,31450,40166,34555,34494,32785,32058,
[07-12],36875,35718,40737,48207,44290,42684,39780,41017,47990,41221,44132,36290,33669,35427,39665,34034,31879,29744,32882,
[08-12],36562,42644,41481,47889,44033,40538,39448,41562,47339,41505,42220,33886,39734,35050,35546,36001,29340,27612,36443,
[09-12],42113,42090,41567,47413,40163,39507,44759,41372,46633,41194,38195,38900,40613,35940,36399,35864,30196,33718,36327,
[10-12],44185,42587,41642,42149,39860,45166,44803,41618,44493,38570,36113,40146,38703,36543,34659,36149,36498,34399,36296,
[11-12],44086,42191,41746,41046,44743,47087,45199,42520,39857,37083,42610,40819,39311,36312,32445,40073,36923,35247,35164,
[12-12],44219,41759,37356,46965,45392,47331,45557,38152,39817,41447,44885,40329,39652,34373,31762,40593,35576,36639,34219,
[13-12],42694,36194,36865,47597,45057,47441,44762,37886,45617,41616,45531,38626,36749,34546,38321,38702,35978,34587,31509,
[14-12],38055,35348,42869,47028,44325,47215,40482,43476,46052,42785,45372,34703,34346,38225,37742,38603,37616,30552,30426,
[15-12],37078,41741,42493,46022,43817,43050,39679,44280,45881,42773,43289,33716,39587,37623,35823,37786,33610,30845,31948,
[16-12],42322,43168,41654,45092,39886,42533,44854,44755,45225,42928,37460,38495,39940,35745,36940,36148,33329,35631,33328,
[17-12],42644,42592,41362,42708,39509,48257,44720,44243,46325,39175,36699,39961,38239,34824,36657,34765,36308,37051,32886,
[18-12],42961,42746,41788,42612,45746,48158,43890,44816,43418,38540,41335,39061,36857,34071,33407,38470,34791,35969,32461,
[19-12],43067,41600,37993,46828,46657,47829,42931,41289,42716,43454,42048,39471,35936,29808,32858,38555,35554,33746,30387,
[20-12],41404,37535,37105,47533,47177,48210,42216,39821,48312,41953,41882,38212,33539,28953,37884,37050,34859,33812,27158,
[21-12],36763,36223,43435,45946,46875,46374,37755,44965,48156,40960,41102,33785,32213,34091,36443,36372,33525,31066,27957,
[22-12],34639,42056,43343,44860,44703,41999,35814,44880,46984,38632,39416,33105,34972,33280,35770,33931,29767,30147,32104,
[23-12],37062,40419,41981,41677,40853,40315,40020,44047,45533,37211,35754,36888,34784,32004,34775,29426,31101,31014,32709,
[24-12],33718,35518,38878,38163,39006,40071,40001,40578,42673,34658,33134,33767,32288,30147,32722,27645,31941,30179,31180,
[25-12],29589,30672,35838,35731,36420,35875,37448,34991,38330,30608,35308,30886,30176,28059,29243,26280,28905,27526,29327,
[26-12],29248,30198,32126,36104,35763,34745,32940,33504,37777,29869,31318,31173,31547,25900,25463,27753,27775,27420,28778,
[27-12],32053,32685,32064,39201,39618,37879,32691,34908,38731,32502,30920,33043,33226,28483,26351,31859,31344,30347,24791,
[28-12],31704,33179,34421,42608,39358,38317,36028,37820,39014,34301,35129,33160,33680,28148,31626,33431,31252,28616,26152,
[29-12],31970,36661,34588,43786,39008,36992,36253,39611,39646,35553,34794,32874,36738,29190,33937,33625,28239,27576,31230,
[30-12],34164,37233,36514,43203,36717,37142,39621,39389,39385,36295,33050,34359,36518,30463,33984,30396,28783,30059,32172,
[31-12],33995,36327,35086,39173,36050,38190,40630,38471,38145,32836,32419,33927,34425,30149,33366,27972,28815,30949,32979,
